timestamp,building_id,energy_usage,energy_source,temperature,humidity
2025-05-13 08:00:00,187,62.124,grid,26.2,63.3
2025-05-16 22:00:00,36,20.597,grid,1.61,91.13
2025-05-16 22:00:00,134,18.081,grid,19.28,75.61
2025-05-23 18:00:00,91,1.564,wind,28.69,31.74
2025-06-10 16:00:00,129,9.983,solar,25.39,57.04
2025-05-16 22:00:00,128,12.774,grid,12.81,62.46
2025-06-07 02:00:00,94,9.371,wind,21.72,50.58
2025-05-15 11:00:00,174,13.271,grid,23.29,46.43
2025-05-23 18:00:00,7,25.021,grid,17.22,59.67
2025-05-16 22:00:00,133,12.453,grid,19.28,75.61
2025-05-30 15:00:00,6,25.727,wind,30.8,50.99
2025-05-16 18:00:00,130,8.664,grid,20.17,45.62
2025-06-07 02:00:00,112,15.26,wind,9.62,74.47
2025-05-17 13:00:00,59,0.671,solar,25.81,35.08
2025-05-17 13:00:00,38,0.61,wind,35.14,10.0
2025-05-23 18:00:00,28,18.097,grid,20.25,59.28
2025-05-30 15:00:00,75,8.289,solar,22.2,47.97
2025-06-07 02:00:00,13,71.8,wind,15.74,78.83
2025-05-30 15:00:00,165,20.867,grid,34.87,19.49
2025-05-16 18:00:00,186,1.625,grid,13.92,62.21
2025-05-17 13:00:00,68,21.655,grid,25.56,34.31
2025-05-17 13:00:00,167,0.697,grid,24.76,36.33
2025-05-15 11:00:00,199,43.461,grid,24.0,44.83
2025-05-16 22:00:00,109,1.687,grid,19.28,75.61
2025-05-16 18:00:00,193,1.538,grid,28.22,42.6
2025-06-10 16:00:00,10,66.638,grid,17.24,52.38
2025-06-10 16:00:00,118,0.502,wind,23.84,38.04
2025-05-17 13:00:00,97,18.045,grid,25.56,34.31
2025-05-16 18:00:00,80,14.31,solar,13.6,63.87
2025-06-10 16:00:00,3,0.689,wind,23.84,38.04
2025-06-07 02:00:00,63,57.667,wind,15.74,78.83
2025-05-17 13:00:00,95,0.685,grid,24.76,36.33
2025-05-16 18:00:00,58,24.666,grid,13.6,63.87
2025-05-31 22:00:00,91,1.086,grid,22.35,43.35
2025-05-13 08:00:00,109,1.72,grid,26.2,63.3
2025-05-13 08:00:00,46,48.118,grid,22.1,45.8
2025-06-10 16:00:00,161,9.401,wind,17.24,52.38
2025-05-13 08:00:00,130,13.638,grid,22.1,45.8
2025-06-07 02:00:00,108,46.275,grid,21.72,50.58
2025-05-17 13:00:00,26,48.918,wind,25.56,34.31
2025-05-17 13:00:00,13,69.571,grid,30.66,46.82
2025-05-31 22:00:00,193,1.128,grid,22.35,43.35
2025-05-15 11:00:00,26,57.337,grid,24.0,44.83
2025-05-23 18:00:00,59,1.22,grid,20.25,59.28
2025-06-07 02:00:00,157,16.702,wind,16.94,59.14
2025-05-17 13:00:00,83,24.23,grid,35.14,10.0
2025-05-31 22:00:00,51,80.561,wind,11.49,64.4
2025-06-10 16:00:00,89,66.616,solar,33.19,22.28
2025-05-13 08:00:00,8,1.304,grid,22.1,45.8
2025-06-07 02:00:00,161,12.046,wind,9.62,74.47
2025-05-16 18:00:00,154,67.853,grid,28.22,42.6
2025-05-31 22:00:00,25,70.651,grid,8.94,79.92
2025-05-13 08:00:00,146,16.598,grid,22.1,45.8
2025-05-16 18:00:00,22,23.606,grid,13.92,62.21
2025-06-10 16:00:00,91,0.93,solar,33.19,22.28
2025-05-15 11:00:00,175,16.638,grid,22.98,41.04
2025-05-17 13:00:00,125,22.706,grid,24.76,36.33
2025-05-30 15:00:00,170,16.694,grid,34.87,19.49
2025-05-16 18:00:00,119,59.723,grid,20.17,45.62
2025-05-15 11:00:00,37,0.736,grid,36.55,10.0
2025-05-16 22:00:00,148,11.266,grid,12.81,62.46
2025-06-07 02:00:00,68,20.192,wind,1.68,79.7
2025-05-15 11:00:00,163,18.521,grid,22.98,41.04
2025-06-10 16:00:00,109,0.806,wind,25.39,57.04
2025-05-31 22:00:00,199,115.259,grid,-2.54,93.97
2025-05-31 22:00:00,185,2.966,grid,-2.54,93.97
2025-05-31 22:00:00,99,76.746,grid,11.49,64.4
2025-05-16 18:00:00,152,26.014,grid,28.22,42.6
2025-05-15 11:00:00,12,0.728,grid,28.46,58.13
2025-05-31 22:00:00,149,86.299,grid,8.94,79.92
2025-05-16 22:00:00,146,16.854,grid,12.81,62.46
2025-05-16 22:00:00,39,12.882,wind,12.81,62.46
2025-05-23 18:00:00,140,14.675,grid,17.22,59.67
2025-05-17 13:00:00,106,0.902,grid,30.66,46.82
2025-05-23 18:00:00,76,57.088,grid,20.25,59.28
2025-05-17 13:00:00,33,16.532,grid,30.66,46.82
2025-05-16 22:00:00,163,24.316,wind,1.74,78.95
2025-05-31 22:00:00,79,12.635,grid,16.17,77.98
2025-06-07 02:00:00,37,1.109,wind,21.72,50.58
2025-06-10 16:00:00,182,21.418,wind,17.24,52.38
2025-06-10 16:00:00,7,23.116,solar,17.24,52.38
2025-05-31 22:00:00,86,1.972,grid,11.49,64.4
2025-05-16 22:00:00,149,107.16,grid,1.74,78.95
2025-05-23 18:00:00,156,13.598,grid,20.25,59.28
2025-05-15 11:00:00,170,15.448,grid,36.55,10.0
2025-05-17 13:00:00,148,17.8,grid,25.81,35.08
2025-06-07 02:00:00,180,136.445,wind,1.68,79.7
2025-06-07 02:00:00,48,15.158,wind,15.74,78.83
2025-05-15 11:00:00,29,0.582,grid,22.98,41.04
2025-05-31 22:00:00,165,12.393,grid,22.35,43.35
2025-05-30 15:00:00,156,12.166,grid,22.2,47.97
2025-06-10 16:00:00,173,23.693,solar,16.88,41.07
2025-05-13 08:00:00,22,24.081,grid,16.53,48.87
2025-05-31 22:00:00,30,25.079,grid,-2.54,93.97
2025-05-17 13:00:00,189,17.682,grid,24.76,36.33
2025-05-16 22:00:00,184,19.486,grid,1.74,78.95
2025-05-15 11:00:00,66,19.582,grid,36.55,10.0
2025-05-16 22:00:00,124,55.706,grid,19.28,75.61
2025-05-16 18:00:00,151,20.597,grid,28.22,42.6
2025-05-15 11:00:00,194,0.71,grid,28.46,58.13
2025-05-30 15:00:00,92,20.606,grid,22.72,42.08
2025-05-16 22:00:00,100,13.235,grid,12.81,62.46
2025-06-10 16:00:00,43,15.352,wind,23.84,38.04
2025-05-13 08:00:00,138,15.843,grid,22.1,45.8
2025-06-10 16:00:00,24,8.253,wind,17.24,52.38
2025-06-10 16:00:00,88,12.091,wind,23.84,38.04
2025-05-13 08:00:00,63,58.275,grid,26.2,63.3
2025-05-30 15:00:00,26,42.907,grid,22.72,42.08
2025-05-15 11:00:00,62,53.805,wind,28.46,58.13
2025-05-17 13:00:00,55,0.822,grid,25.56,34.31
2025-05-15 11:00:00,78,17.319,grid,36.55,10.0
2025-06-10 16:00:00,142,11.047,solar,33.19,22.28
2025-05-15 11:00:00,105,13.098,grid,23.29,46.43
2025-06-10 16:00:00,179,0.763,solar,16.88,41.07
2025-06-10 16:00:00,76,47.972,wind,23.84,38.04
2025-05-16 18:00:00,39,8.616,grid,20.17,45.62
2025-05-16 22:00:00,111,11.298,grid,12.81,62.46
2025-05-16 22:00:00,98,50.075,grid,20.35,40.67
2025-05-16 18:00:00,36,22.419,grid,13.92,62.21
2025-05-23 18:00:00,161,10.007,grid,17.22,59.67
2025-05-23 18:00:00,183,14.427,grid,22.14,80.0
2025-05-30 15:00:00,104,37.298,grid,22.05,51.32
2025-05-31 22:00:00,111,12.445,grid,11.49,64.4
2025-05-17 13:00:00,50,0.554,grid,25.56,34.31
2025-05-16 22:00:00,40,14.629,grid,19.28,75.61
2025-05-30 15:00:00,155,14.038,solar,22.72,42.08
2025-05-17 13:00:00,47,0.619,grid,25.56,34.31
2025-05-30 15:00:00,89,61.304,solar,34.87,19.49
2025-05-16 22:00:00,120,1.507,solar,19.28,75.61
2025-05-30 15:00:00,37,0.899,grid,34.87,19.49
2025-05-16 22:00:00,190,2.176,grid,1.74,78.95
2025-05-16 22:00:00,188,64.352,solar,19.28,75.61
2025-05-17 13:00:00,75,8.716,grid,25.81,35.08
2025-06-10 16:00:00,53,10.504,grid,33.19,22.28
2025-05-16 18:00:00,81,1.737,grid,13.92,62.21
2025-05-16 22:00:00,123,14.706,grid,12.81,62.46
2025-06-07 02:00:00,198,10.546,solar,16.94,59.14
2025-05-23 18:00:00,191,23.425,grid,28.69,31.74
2025-06-10 16:00:00,170,16.94,solar,33.19,22.28
2025-05-17 13:00:00,155,12.338,grid,25.56,34.31
2025-05-16 22:00:00,132,12.238,grid,19.28,75.61
2025-05-30 15:00:00,31,16.235,grid,22.2,47.97
2025-05-30 15:00:00,167,0.678,grid,22.05,51.32
2025-05-16 18:00:00,87,63.68,grid,20.57,76.91
2025-05-30 15:00:00,157,13.919,grid,22.2,47.97
2025-05-13 08:00:00,54,24.451,grid,30.33,19.91
2025-05-17 13:00:00,66,21.572,grid,35.14,10.0
2025-06-10 16:00:00,126,32.381,solar,33.19,22.28
2025-05-16 22:00:00,24,15.57,grid,1.74,78.95
2025-05-13 08:00:00,13,64.882,wind,26.2,63.3
2025-05-31 22:00:00,170,13.104,grid,22.35,43.35
2025-06-10 16:00:00,95,0.778,wind,17.24,52.38
2025-05-31 22:00:00,62,67.213,grid,16.17,77.98
2025-06-07 02:00:00,118,1.49,solar,16.94,59.14
2025-05-31 22:00:00,31,13.786,grid,11.49,64.4
2025-05-23 18:00:00,14,21.644,grid,11.54,72.89
2025-05-17 13:00:00,56,57.372,grid,25.81,35.08
2025-05-16 22:00:00,168,34.224,solar,1.61,91.13
2025-05-16 22:00:00,59,1.901,grid,12.81,62.46
2025-05-13 08:00:00,165,16.451,grid,30.33,19.91
2025-05-13 08:00:00,68,21.726,grid,16.53,48.87
2025-05-17 13:00:00,84,17.13,solar,24.76,36.33
2025-06-10 16:00:00,11,38.764,wind,23.84,38.04
2025-05-17 13:00:00,117,20.459,solar,25.56,34.31
2025-06-10 16:00:00,196,22.171,wind,16.88,41.07
2025-05-17 13:00:00,147,18.5,grid,35.14,10.0
2025-06-07 02:00:00,173,17.416,wind,1.68,79.7
2025-05-16 18:00:00,125,28.803,grid,13.6,63.87
2025-05-15 11:00:00,22,15.855,grid,24.0,44.83
2025-05-31 22:00:00,177,39.158,grid,-2.54,93.97
2025-05-13 08:00:00,113,20.124,grid,16.53,48.87
2025-06-10 16:00:00,68,10.047,solar,16.88,41.07
2025-05-13 08:00:00,196,26.399,grid,16.53,48.87
2025-06-07 02:00:00,184,15.892,wind,9.62,74.47
2025-05-15 11:00:00,42,18.326,grid,24.0,44.83
2025-05-17 13:00:00,133,17.461,solar,30.66,46.82
2025-05-16 18:00:00,79,20.081,grid,20.57,76.91
2025-05-23 18:00:00,135,52.028,solar,22.14,80.0
2025-05-17 13:00:00,88,15.701,grid,25.81,35.08
2025-05-16 18:00:00,166,14.195,solar,20.17,45.62
2025-06-07 02:00:00,128,11.409,wind,16.94,59.14
2025-05-23 18:00:00,79,23.519,grid,22.14,80.0
2025-06-07 02:00:00,182,15.333,wind,9.62,74.47
2025-06-07 02:00:00,120,1.61,wind,15.74,78.83
2025-05-31 22:00:00,81,2.863,grid,-2.54,93.97
2025-05-16 18:00:00,72,28.733,grid,28.22,42.6
2025-05-13 08:00:00,200,51.651,grid,26.2,63.3
2025-06-10 16:00:00,166,15.126,wind,23.84,38.04
2025-05-13 08:00:00,120,1.583,grid,26.2,63.3
2025-05-23 18:00:00,123,20.758,grid,20.25,59.28
2025-05-16 18:00:00,61,10.605,grid,13.6,63.87
2025-05-13 08:00:00,28,18.284,grid,22.1,45.8
2025-05-17 13:00:00,139,58.361,wind,35.14,10.0
2025-05-15 11:00:00,24,12.621,wind,22.98,41.04
2025-06-10 16:00:00,5,55.878,solar,17.24,52.38
2025-05-16 18:00:00,47,1.493,grid,13.92,62.21
2025-05-23 18:00:00,111,14.62,grid,20.25,59.28
2025-05-23 18:00:00,86,1.164,grid,20.25,59.28
2025-05-16 22:00:00,70,23.796,wind,1.74,78.95
2025-05-15 11:00:00,156,12.148,grid,23.29,46.43
2025-05-16 18:00:00,188,49.201,grid,20.57,76.91
2025-05-30 15:00:00,53,19.103,grid,34.87,19.49
2025-05-16 22:00:00,18,24.095,grid,1.61,91.13
2025-05-13 08:00:00,73,53.376,solar,16.53,48.87
2025-05-17 13:00:00,42,21.569,grid,25.56,34.31
2025-05-31 22:00:00,24,14.58,grid,8.94,79.92
2025-05-16 18:00:00,148,8.312,grid,20.17,45.62
2025-05-23 18:00:00,134,15.414,solar,22.14,80.0
2025-05-16 22:00:00,107,1.192,wind,20.35,40.67
2025-05-16 22:00:00,3,2.015,grid,12.81,62.46
2025-05-30 15:00:00,177,13.6,wind,22.72,42.08
2025-05-16 22:00:00,7,20.356,grid,1.74,78.95
2025-06-10 16:00:00,29,0.792,wind,17.24,52.38
2025-06-07 02:00:00,19,12.088,wind,9.62,74.47
2025-05-15 11:00:00,71,0.781,grid,36.55,10.0
2025-05-17 13:00:00,182,19.266,grid,24.76,36.33
2025-05-31 22:00:00,114,13.519,grid,16.17,77.98
2025-05-17 13:00:00,36,17.291,grid,25.56,34.31
2025-05-30 15:00:00,42,19.658,grid,22.72,42.08
2025-05-23 18:00:00,125,25.062,solar,17.22,59.67
2025-05-13 08:00:00,94,19.285,grid,30.33,19.91
2025-05-30 15:00:00,20,9.493,grid,22.05,51.32
2025-06-10 16:00:00,58,20.121,solar,17.24,52.38
2025-05-17 13:00:00,114,32.744,grid,30.66,46.82
2025-05-16 22:00:00,182,18.959,wind,1.74,78.95
2025-05-17 13:00:00,194,0.751,grid,30.66,46.82
2025-05-16 22:00:00,44,19.768,solar,1.61,91.13
2025-05-13 08:00:00,11,42.781,grid,22.1,45.8
2025-05-17 13:00:00,166,13.046,grid,25.81,35.08
2025-05-17 13:00:00,40,17.355,grid,30.66,46.82
2025-06-07 02:00:00,194,1.56,wind,15.74,78.83
2025-05-13 08:00:00,23,58.591,grid,26.2,63.3
2025-05-23 18:00:00,168,25.84,wind,11.54,72.89
2025-05-31 22:00:00,150,80.536,grid,11.49,64.4
2025-05-17 13:00:00,179,0.669,grid,25.56,34.31
2025-05-17 13:00:00,35,0.743,wind,25.56,34.31
2025-05-31 22:00:00,103,19.724,wind,8.94,79.92
2025-06-07 02:00:00,89,47.105,wind,21.72,50.58
2025-05-13 08:00:00,136,1.503,grid,26.2,63.3
2025-05-16 18:00:00,56,53.893,grid,20.17,45.62
2025-05-16 22:00:00,75,14.671,grid,12.81,62.46
2025-05-15 11:00:00,155,13.471,grid,24.0,44.83
2025-06-07 02:00:00,54,7.75,wind,21.72,50.58
2025-05-30 15:00:00,91,0.808,grid,34.87,19.49
2025-05-17 13:00:00,140,12.65,grid,24.76,36.33
2025-05-23 18:00:00,12,1.434,grid,22.14,80.0
2025-06-10 16:00:00,83,23.982,grid,33.19,22.28
2025-05-31 22:00:00,194,1.454,grid,16.17,77.98
2025-06-07 02:00:00,81,2.91,wind,1.68,79.7
2025-05-13 08:00:00,132,23.925,grid,26.2,63.3
2025-05-17 13:00:00,101,13.849,grid,24.76,36.33
2025-05-23 18:00:00,31,18.518,grid,20.25,59.28
2025-05-13 08:00:00,111,15.566,grid,22.1,45.8
2025-06-10 16:00:00,48,9.674,solar,25.39,57.04
2025-05-16 22:00:00,143,43.368,grid,20.35,40.67
2025-05-23 18:00:00,108,58.282,solar,28.69,31.74
2025-05-13 08:00:00,58,19.314,grid,20.81,42.08
2025-06-07 02:00:00,62,68.3,wind,15.74,78.83
2025-05-31 22:00:00,190,2.09,grid,8.94,79.92
2025-05-23 18:00:00,127,1.396,grid,17.22,59.67
2025-06-07 02:00:00,8,1.809,wind,16.94,59.14
2025-05-15 11:00:00,192,47.864,grid,24.0,44.83
2025-05-16 18:00:00,4,90.679,grid,13.6,63.87
2025-05-31 22:00:00,154,51.21,grid,22.35,43.35
2025-05-16 22:00:00,104,84.95,grid,1.74,78.95
2025-05-16 18:00:00,157,17.612,solar,20.17,45.62
2025-05-15 11:00:00,36,15.705,grid,24.0,44.83
2025-05-16 22:00:00,17,1.502,grid,12.81,62.46
2025-05-16 22:00:00,21,141.457,grid,1.61,91.13
2025-05-16 22:00:00,106,1.396,grid,19.28,75.61
2025-05-17 13:00:00,137,12.73,grid,25.81,35.08
2025-05-30 15:00:00,197,0.629,grid,22.72,42.08
2025-05-23 18:00:00,50,1.73,grid,11.54,72.89
2025-05-17 13:00:00,163,19.52,solar,24.76,36.33
2025-05-23 18:00:00,197,2.017,grid,11.54,72.89
2025-05-16 18:00:00,197,1.339,grid,13.92,62.21
2025-05-13 08:00:00,62,56.842,grid,26.2,63.3
2025-05-16 18:00:00,44,11.892,grid,13.92,62.21
2025-05-15 11:00:00,150,47.961,grid,23.29,46.43
2025-06-07 02:00:00,22,22.318,wind,1.68,79.7
2025-05-13 08:00:00,194,1.392,grid,26.2,63.3
2025-05-23 18:00:00,147,21.1,grid,28.69,31.74
2025-05-13 08:00:00,64,58.934,grid,16.53,48.87
2025-05-15 11:00:00,139,66.489,grid,36.55,10.0
2025-05-15 11:00:00,131,0.487,grid,22.98,41.04
2025-06-10 16:00:00,6,18.169,grid,25.39,57.04
2025-06-07 02:00:00,30,22.417,grid,1.68,79.7
2025-05-13 08:00:00,172,39.062,grid,20.81,42.08
2025-05-16 22:00:00,8,1.713,grid,12.81,62.46
2025-05-16 18:00:00,17,1.169,grid,20.17,45.62
2025-05-17 13:00:00,128,17.733,solar,25.81,35.08
2025-05-16 22:00:00,160,21.798,wind,1.61,91.13
2025-05-16 22:00:00,144,12.382,grid,12.81,62.46
2025-05-16 18:00:00,162,66.793,solar,28.22,42.6
2025-05-15 11:00:00,60,62.861,grid,28.46,58.13
2025-05-30 15:00:00,32,22.407,grid,30.8,50.99
2025-05-23 18:00:00,5,62.153,grid,17.22,59.67
2025-06-10 16:00:00,172,53.776,wind,17.24,52.38
2025-05-15 11:00:00,184,16.234,solar,22.98,41.04
2025-05-31 22:00:00,43,16.228,grid,11.49,64.4
2025-05-15 11:00:00,59,0.7,grid,23.29,46.43
2025-05-30 15:00:00,8,0.689,grid,22.2,47.97
2025-05-30 15:00:00,192,46.79,grid,22.72,42.08
2025-05-17 13:00:00,142,22.064,grid,35.14,10.0
2025-05-13 08:00:00,79,23.197,solar,26.2,63.3
2025-06-10 16:00:00,192,58.235,wind,16.88,41.07
2025-05-16 22:00:00,118,1.506,grid,12.81,62.46
2025-06-10 16:00:00,132,18.305,wind,25.39,57.04
2025-05-31 22:00:00,94,8.116,solar,22.35,43.35
2025-05-13 08:00:00,4,61.438,grid,20.81,42.08
2025-05-15 11:00:00,110,19.746,grid,28.46,58.13
2025-05-23 18:00:00,162,51.603,grid,28.69,31.74
2025-06-10 16:00:00,123,20.121,solar,23.84,38.04
2025-05-17 13:00:00,98,72.008,grid,35.14,10.0
2025-05-17 13:00:00,109,0.935,grid,30.66,46.82
2025-05-17 13:00:00,52,15.27,solar,35.14,10.0
2025-05-13 08:00:00,156,9.839,solar,22.1,45.8
2025-05-31 22:00:00,157,21.272,grid,11.49,64.4
2025-05-13 08:00:00,182,18.687,grid,20.81,42.08
2025-05-16 22:00:00,158,1.571,grid,19.28,75.61
2025-05-17 13:00:00,5,47.825,grid,24.76,36.33
2025-05-30 15:00:00,169,15.734,grid,22.2,47.97
2025-06-07 02:00:00,17,1.186,grid,16.94,59.14
2025-05-16 22:00:00,31,12.528,grid,12.81,62.46
2025-05-13 08:00:00,100,18.709,grid,22.1,45.8
2025-05-23 18:00:00,56,60.808,wind,20.25,59.28
2025-05-17 13:00:00,193,0.808,grid,35.14,10.0
2025-05-31 22:00:00,61,13.607,solar,8.94,79.92
2025-06-07 02:00:00,162,46.631,solar,21.72,50.58
2025-05-31 22:00:00,76,76.92,wind,11.49,64.4
2025-06-07 02:00:00,44,19.688,wind,1.68,79.7
2025-05-16 18:00:00,59,1.299,grid,20.17,45.62
2025-06-07 02:00:00,152,9.643,solar,21.72,50.58
2025-05-31 22:00:00,53,6.961,grid,22.35,43.35
2025-05-16 18:00:00,35,1.682,grid,13.92,62.21
2025-05-30 15:00:00,174,11.702,grid,22.2,47.97
2025-05-31 22:00:00,37,1.18,grid,22.35,43.35
2025-05-23 18:00:00,19,9.424,grid,17.22,59.67
2025-05-30 15:00:00,112,15.926,solar,22.05,51.32
2025-05-17 13:00:00,176,0.84,grid,35.14,10.0
2025-05-23 18:00:00,143,53.393,grid,28.69,31.74
2025-05-13 08:00:00,31,13.877,grid,22.1,45.8
2025-05-16 22:00:00,191,8.977,solar,20.35,40.67
2025-05-16 18:00:00,84,13.293,wind,13.6,63.87
2025-05-16 22:00:00,55,3.055,wind,1.61,91.13
2025-05-13 08:00:00,161,14.1,grid,20.81,42.08
2025-05-13 08:00:00,36,21.911,grid,16.53,48.87
2025-05-16 18:00:00,194,1.306,grid,20.57,76.91
2025-05-13 08:00:00,152,22.444,grid,30.33,19.91
2025-06-07 02:00:00,98,46.567,wind,21.72,50.58
2025-05-23 18:00:00,18,33.467,grid,11.54,72.89
2025-05-16 18:00:00,49,1.456,solar,20.57,76.91
2025-05-16 18:00:00,142,11.808,grid,28.22,42.6
2025-05-13 08:00:00,162,64.93,solar,30.33,19.91
2025-05-16 22:00:00,13,62.603,grid,19.28,75.61
2025-06-10 16:00:00,60,60.653,solar,25.39,57.04
2025-05-17 13:00:00,180,64.096,wind,25.56,34.31
2025-05-23 18:00:00,175,20.238,grid,17.22,59.67
2025-06-07 02:00:00,138,12.542,solar,16.94,59.14
2025-05-23 18:00:00,119,59.248,grid,20.25,59.28
2025-05-23 18:00:00,49,1.387,grid,22.14,80.0
2025-05-15 11:00:00,34,12.215,grid,23.29,46.43
2025-06-07 02:00:00,79,13.433,grid,15.74,78.83
2025-05-17 13:00:00,20,11.549,grid,24.76,36.33
2025-05-31 22:00:00,64,126.45,wind,-2.54,93.97
2025-05-15 11:00:00,48,27.489,wind,28.46,58.13
2025-05-16 22:00:00,172,110.045,grid,1.74,78.95
2025-05-16 18:00:00,33,14.574,solar,20.57,76.91
2025-05-30 15:00:00,120,0.922,grid,30.8,50.99
2025-05-30 15:00:00,27,44.354,grid,22.72,42.08
2025-05-16 22:00:00,155,35.512,grid,1.61,91.13
2025-05-16 22:00:00,181,18.151,grid,19.28,75.61
2025-05-31 22:00:00,7,16.931,grid,8.94,79.92
2025-05-31 22:00:00,174,18.774,grid,11.49,64.4
2025-05-16 18:00:00,160,25.137,grid,13.92,62.21
2025-05-16 22:00:00,157,24.789,grid,12.81,62.46
2025-05-13 08:00:00,49,1.703,grid,26.2,63.3
2025-05-30 15:00:00,176,0.867,grid,34.87,19.49
2025-05-16 18:00:00,192,67.794,wind,13.92,62.21
2025-05-13 08:00:00,145,22.865,grid,30.33,19.91
2025-05-13 08:00:00,147,16.079,grid,30.33,19.91
2025-05-31 22:00:00,89,49.114,grid,22.35,43.35
2025-05-16 18:00:00,43,21.255,grid,20.17,45.62
2025-05-17 13:00:00,168,15.764,grid,25.56,34.31
2025-06-10 16:00:00,145,21.691,grid,33.19,22.28
2025-05-17 13:00:00,77,27.057,grid,35.14,10.0
2025-06-10 16:00:00,52,15.661,wind,33.19,22.28
2025-05-15 11:00:00,144,21.064,grid,23.29,46.43
2025-05-16 22:00:00,62,56.374,grid,19.28,75.61
2025-05-13 08:00:00,154,65.015,grid,30.33,19.91
2025-05-16 18:00:00,179,1.424,grid,13.92,62.21
2025-06-07 02:00:00,166,17.937,wind,16.94,59.14
2025-05-16 22:00:00,46,71.859,grid,12.81,62.46
2025-05-13 08:00:00,74,1.671,grid,30.33,19.91
2025-05-17 13:00:00,54,26.922,grid,35.14,10.0
2025-05-23 18:00:00,97,26.34,grid,11.54,72.89
2025-05-17 13:00:00,129,27.069,wind,30.66,46.82
2025-06-10 16:00:00,174,12.631,wind,23.84,38.04
2025-05-15 11:00:00,27,45.242,grid,24.0,44.83
2025-05-23 18:00:00,54,11.423,grid,28.69,31.74
2025-06-07 02:00:00,97,21.078,grid,1.68,79.7
2025-05-13 08:00:00,25,44.953,grid,20.81,42.08
2025-06-10 16:00:00,82,0.722,solar,17.24,52.38
2025-05-16 18:00:00,70,17.238,solar,13.6,63.87
2025-05-13 08:00:00,43,18.622,grid,22.1,45.8
2025-05-23 18:00:00,109,1.424,grid,22.14,80.0
2025-06-07 02:00:00,200,66.802,wind,15.74,78.83
2025-05-23 18:00:00,37,1.554,grid,28.69,31.74
2025-05-16 18:00:00,103,19.426,wind,13.6,63.87
2025-05-13 08:00:00,125,21.556,grid,20.81,42.08
2025-06-07 02:00:00,59,1.372,grid,16.94,59.14
2025-05-30 15:00:00,74,0.998,grid,34.87,19.49
2025-05-15 11:00:00,177,12.489,grid,24.0,44.83
2025-05-15 11:00:00,95,0.529,grid,22.98,41.04
2025-05-15 11:00:00,8,0.652,grid,23.29,46.43
2025-05-31 22:00:00,141,17.176,grid,8.94,79.92
2025-06-10 16:00:00,26,60.408,wind,16.88,41.07
2025-05-15 11:00:00,6,22.702,grid,28.46,58.13
2025-06-07 02:00:00,20,20.232,wind,9.62,74.47
2025-06-07 02:00:00,179,2.286,wind,1.68,79.7
2025-05-13 08:00:00,66,18.793,grid,30.33,19.91
2025-05-16 18:00:00,34,12.883,grid,20.17,45.62
2025-06-10 16:00:00,136,0.782,wind,25.39,57.04
2025-05-16 22:00:00,60,65.722,grid,19.28,75.61
2025-05-15 11:00:00,140,11.89,grid,22.98,41.04
2025-05-13 08:00:00,181,17.124,grid,26.2,63.3
2025-05-17 13:00:00,132,21.918,grid,30.66,46.82
2025-05-15 11:00:00,112,15.818,grid,22.98,41.04
2025-05-30 15:00:00,101,14.104,grid,22.05,51.32
2025-05-30 15:00:00,133,17.924,grid,30.8,50.99
2025-05-30 15:00:00,43,18.596,grid,22.2,47.97
2025-06-07 02:00:00,156,16.841,wind,16.94,59.14
2025-05-16 22:00:00,130,11.741,grid,12.81,62.46
2025-05-13 08:00:00,60,60.502,grid,26.2,63.3
2025-05-31 22:00:00,196,21.873,grid,-2.54,93.97
2025-05-30 15:00:00,198,19.129,grid,22.2,47.97
2025-05-16 18:00:00,114,10.9,wind,20.57,76.91
2025-05-23 18:00:00,99,52.071,grid,20.25,59.28
2025-06-07 02:00:00,40,17.903,wind,15.74,78.83
2025-05-15 11:00:00,152,22.125,solar,36.55,10.0
2025-05-30 15:00:00,44,15.854,grid,22.72,42.08
2025-05-16 18:00:00,20,18.103,grid,13.6,63.87
2025-05-23 18:00:00,144,17.392,grid,20.25,59.28
2025-05-17 13:00:00,62,63.523,grid,30.66,46.82
2025-05-16 22:00:00,150,66.569,grid,12.81,62.46
2025-05-30 15:00:00,58,15.662,grid,22.05,51.32
2025-05-30 15:00:00,99,47.262,grid,22.2,47.97
2025-05-16 18:00:00,144,18.102,grid,20.17,45.62
2025-05-30 15:00:00,71,0.975,grid,34.87,19.49
2025-06-07 02:00:00,126,12.472,wind,21.72,50.58
2025-05-15 11:00:00,15,13.192,grid,23.29,46.43
2025-05-31 22:00:00,136,2.095,solar,16.17,77.98
2025-05-16 18:00:00,1,27.441,grid,13.6,63.87
2025-05-15 11:00:00,123,19.496,grid,23.29,46.43
2025-06-10 16:00:00,187,51.362,solar,25.39,57.04
2025-05-16 18:00:00,163,33.742,grid,13.6,63.87
2025-06-10 16:00:00,34,11.833,wind,23.84,38.04
2025-06-10 16:00:00,177,14.713,wind,16.88,41.07
2025-05-30 15:00:00,154,56.933,grid,34.87,19.49
2025-05-16 22:00:00,49,1.499,grid,19.28,75.61
2025-05-23 18:00:00,27,66.432,grid,11.54,72.89
2025-05-30 15:00:00,38,0.628,grid,34.87,19.49
2025-05-15 11:00:00,75,10.64,solar,23.29,46.43
2025-05-16 22:00:00,102,14.244,grid,12.81,62.46
2025-06-10 16:00:00,44,8.853,wind,16.88,41.07
2025-05-15 11:00:00,28,21.831,grid,23.29,46.43
2025-05-17 13:00:00,19,17.769,grid,24.76,36.33
2025-06-10 16:00:00,94,9.522,solar,33.19,22.28
2025-05-17 13:00:00,25,43.243,solar,24.76,36.33
2025-05-15 11:00:00,94,21.977,solar,36.55,10.0
2025-05-23 18:00:00,45,26.678,solar,11.54,72.89
2025-05-30 15:00:00,60,83.652,grid,30.8,50.99
2025-05-31 22:00:00,82,1.93,grid,8.94,79.92
2025-05-16 18:00:00,128,7.676,grid,20.17,45.62
2025-05-30 15:00:00,168,13.987,grid,22.72,42.08
2025-05-30 15:00:00,49,0.892,grid,30.8,50.99
2025-05-13 08:00:00,69,16.63,grid,22.1,45.8
2025-05-23 18:00:00,42,30.304,grid,11.54,72.89
2025-05-16 22:00:00,28,13.26,grid,12.81,62.46
2025-05-15 11:00:00,148,16.697,grid,23.29,46.43
2025-06-10 16:00:00,183,11.747,grid,25.39,57.04
2025-05-17 13:00:00,146,19.058,grid,25.81,35.08
2025-05-13 08:00:00,26,52.56,grid,16.53,48.87
2025-05-16 22:00:00,42,19.142,grid,1.61,91.13
2025-05-23 18:00:00,139,66.608,grid,28.69,31.74
2025-05-31 22:00:00,131,1.902,grid,8.94,79.92
2025-05-23 18:00:00,72,26.566,grid,28.69,31.74
2025-05-13 08:00:00,32,18.164,grid,26.2,63.3
2025-05-30 15:00:00,93,15.333,solar,22.72,42.08
2025-05-15 11:00:00,39,17.159,solar,23.29,46.43
2025-05-23 18:00:00,157,14.999,grid,20.25,59.28
2025-05-23 18:00:00,43,20.41,grid,20.25,59.28
2025-05-17 13:00:00,188,69.947,grid,30.66,46.82
2025-05-16 18:00:00,54,12.439,grid,28.22,42.6
2025-05-16 18:00:00,76,60.183,grid,20.17,45.62
2025-05-23 18:00:00,77,22.881,grid,28.69,31.74
2025-05-30 15:00:00,136,0.919,grid,30.8,50.99
2025-06-07 02:00:00,41,1.274,wind,21.72,50.58
2025-05-17 13:00:00,162,69.25,solar,35.14,10.0
2025-05-17 13:00:00,70,12.383,grid,24.76,36.33
2025-06-07 02:00:00,174,14.525,wind,16.94,59.14
2025-06-07 02:00:00,55,2.725,solar,1.68,79.7
2025-05-30 15:00:00,94,20.538,grid,34.87,19.49
2025-06-10 16:00:00,139,69.842,wind,33.19,22.28
2025-05-31 22:00:00,161,16.096,grid,8.94,79.92
2025-06-10 16:00:00,194,0.728,wind,25.39,57.04
2025-05-15 11:00:00,149,51.268,solar,22.98,41.04
2025-05-16 18:00:00,19,12.758,grid,13.6,63.87
2025-05-13 08:00:00,195,13.303,grid,20.81,42.08
2025-05-13 08:00:00,117,19.654,grid,16.53,48.87
2025-05-13 08:00:00,18,25.365,grid,16.53,48.87
2025-05-16 18:00:00,30,29.211,grid,13.92,62.21
2025-05-15 11:00:00,57,25.209,grid,28.46,58.13
2025-05-30 15:00:00,146,19.453,grid,22.2,47.97
2025-05-30 15:00:00,188,70.159,wind,30.8,50.99
2025-05-15 11:00:00,166,13.801,grid,23.29,46.43
2025-06-10 16:00:00,85,56.704,grid,17.24,52.38
2025-05-16 18:00:00,28,22.361,grid,20.17,45.62
2025-06-10 16:00:00,155,13.445,wind,16.88,41.07
2025-05-17 13:00:00,104,43.952,grid,24.76,36.33
2025-05-16 22:00:00,175,19.178,grid,1.74,78.95
2025-05-15 11:00:00,38,0.589,grid,36.55,10.0
2025-06-10 16:00:00,167,0.869,wind,17.24,52.38
2025-05-15 11:00:00,73,54.823,grid,24.0,44.83
2025-05-16 22:00:00,74,1.516,grid,20.35,40.67
2025-05-31 22:00:00,78,13.612,grid,22.35,43.35
2025-06-07 02:00:00,52,11.748,wind,21.72,50.58
2025-05-17 13:00:00,34,14.068,wind,25.81,35.08
2025-05-23 18:00:00,85,47.161,grid,17.22,59.67
2025-05-15 11:00:00,126,28.335,grid,36.55,10.0
2025-05-16 18:00:00,106,1.4,grid,20.57,76.91
2025-05-16 22:00:00,193,1.156,grid,20.35,40.67
2025-05-23 18:00:00,2,2.073,grid,11.54,72.89
2025-05-31 22:00:00,71,1.331,grid,22.35,43.35
2025-05-13 08:00:00,91,1.435,wind,30.33,19.91
2025-06-10 16:00:00,198,16.529,wind,23.84,38.04
2025-05-16 18:00:00,158,1.652,grid,20.57,76.91
2025-05-16 22:00:00,91,1.253,grid,20.35,40.67
2025-05-23 18:00:00,47,1.679,grid,11.54,72.89
2025-05-31 22:00:00,198,13.08,grid,11.49,64.4
2025-06-10 16:00:00,20,12.962,wind,17.24,52.38
2025-05-30 15:00:00,121,1.0,grid,30.8,50.99
2025-05-23 18:00:00,106,1.493,grid,22.14,80.0
2025-05-15 11:00:00,114,25.253,solar,28.46,58.13
2025-06-10 16:00:00,138,15.374,wind,23.84,38.04
2025-06-07 02:00:00,100,11.747,wind,16.94,59.14
2025-05-31 22:00:00,73,135.651,grid,-2.54,93.97
2025-05-15 11:00:00,178,0.966,grid,36.55,10.0
2025-06-10 16:00:00,191,20.914,solar,33.19,22.28
2025-05-15 11:00:00,183,14.005,solar,28.46,58.13
2025-05-31 22:00:00,57,11.507,grid,16.17,77.98
2025-05-16 22:00:00,5,114.286,grid,1.74,78.95
2025-05-17 13:00:00,28,19.809,grid,25.81,35.08
2025-05-30 15:00:00,110,25.017,grid,30.8,50.99
2025-05-15 11:00:00,11,50.855,grid,23.29,46.43
2025-05-15 11:00:00,124,53.235,grid,28.46,58.13
2025-05-15 11:00:00,173,18.3,grid,24.0,44.83
2025-05-16 18:00:00,184,28.477,grid,13.6,63.87
2025-05-31 22:00:00,11,64.076,grid,11.49,64.4
2025-05-31 22:00:00,162,46.7,grid,22.35,43.35
2025-05-31 22:00:00,50,2.602,grid,-2.54,93.97
2025-05-13 08:00:00,199,65.744,grid,16.53,48.87
2025-05-15 11:00:00,89,56.637,grid,36.55,10.0
2025-05-30 15:00:00,76,51.768,grid,22.2,47.97
2025-06-10 16:00:00,62,51.867,wind,25.39,57.04
2025-05-30 15:00:00,111,16.342,solar,22.2,47.97
2025-05-23 18:00:00,194,1.255,grid,22.14,80.0
2025-06-10 16:00:00,81,0.677,wind,16.88,41.07
2025-05-31 22:00:00,104,71.91,grid,8.94,79.92
2025-05-16 18:00:00,8,1.427,grid,20.17,45.62
2025-05-16 22:00:00,129,11.463,grid,19.28,75.61
2025-05-15 11:00:00,128,16.732,grid,23.29,46.43
2025-05-17 13:00:00,134,16.345,wind,30.66,46.82
2025-06-07 02:00:00,146,12.843,wind,16.94,59.14
2025-05-15 11:00:00,49,0.981,grid,28.46,58.13
2025-06-07 02:00:00,107,1.569,grid,21.72,50.58
2025-05-30 15:00:00,51,54.013,grid,22.2,47.97
2025-05-31 22:00:00,124,63.737,grid,16.17,77.98
2025-05-15 11:00:00,187,62.239,grid,28.46,58.13
2025-06-10 16:00:00,199,62.792,wind,16.88,41.07
2025-05-30 15:00:00,148,16.371,grid,22.2,47.97
2025-05-30 15:00:00,187,75.63,grid,30.8,50.99
2025-05-23 18:00:00,146,19.113,grid,20.25,59.28
2025-05-15 11:00:00,32,22.545,grid,28.46,58.13
2025-05-16 18:00:00,97,25.506,grid,13.92,62.21
2025-05-23 18:00:00,41,1.282,grid,28.69,31.74
2025-05-13 08:00:00,134,18.807,grid,26.2,63.3
2025-06-10 16:00:00,165,18.519,solar,33.19,22.28
2025-06-10 16:00:00,31,18.84,solar,23.84,38.04
2025-05-30 15:00:00,23,63.794,grid,30.8,50.99
2025-05-31 22:00:00,186,3.103,solar,-2.54,93.97
2025-05-13 08:00:00,72,26.048,grid,30.33,19.91
2025-05-16 22:00:00,195,31.359,grid,1.74,78.95
2025-05-16 22:00:00,139,55.095,grid,20.35,40.67
2025-05-23 18:00:00,179,1.768,grid,11.54,72.89
2025-06-07 02:00:00,15,9.803,wind,16.94,59.14
2025-05-17 13:00:00,156,14.231,grid,25.81,35.08
2025-05-30 15:00:00,196,17.113,wind,22.72,42.08
2025-05-23 18:00:00,93,11.4,grid,11.54,72.89
2025-05-16 18:00:00,95,1.729,grid,13.6,63.87
2025-05-30 15:00:00,84,17.813,grid,22.05,51.32
2025-05-23 18:00:00,58,19.667,grid,17.22,59.67
2025-05-31 22:00:00,56,70.92,grid,11.49,64.4
2025-05-23 18:00:00,124,50.118,grid,22.14,80.0
2025-05-13 08:00:00,137,11.626,grid,22.1,45.8
2025-05-31 22:00:00,135,59.186,grid,16.17,77.98
2025-05-15 11:00:00,117,19.67,grid,24.0,44.83
2025-05-16 18:00:00,145,19.829,grid,28.22,42.6
2025-05-30 15:00:00,29,0.656,grid,22.05,51.32
2025-05-17 13:00:00,161,16.889,wind,24.76,36.33
2025-05-31 22:00:00,106,1.923,grid,16.17,77.98
2025-06-07 02:00:00,60,84.858,wind,15.74,78.83
2025-05-16 18:00:00,94,11.096,grid,28.22,42.6
2025-05-15 11:00:00,147,23.285,grid,36.55,10.0
2025-05-31 22:00:00,164,1.104,grid,22.35,43.35
2025-05-31 22:00:00,159,17.61,grid,-2.54,93.97
2025-05-13 08:00:00,105,10.96,grid,22.1,45.8
2025-05-13 08:00:00,124,50.242,grid,26.2,63.3
2025-05-30 15:00:00,81,0.509,grid,22.72,42.08
2025-05-17 13:00:00,91,0.759,grid,35.14,10.0
2025-06-10 16:00:00,168,17.668,wind,16.88,41.07
2025-05-17 13:00:00,121,0.969,solar,30.66,46.82
2025-05-31 22:00:00,77,8.504,grid,22.35,43.35
2025-06-10 16:00:00,61,8.891,solar,17.24,52.38
2025-05-16 18:00:00,200,49.146,grid,20.57,76.91
2025-05-17 13:00:00,157,17.628,grid,25.81,35.08
2025-05-16 18:00:00,143,51.444,grid,28.22,42.6
2025-05-13 08:00:00,102,14.437,wind,22.1,45.8
2025-05-16 22:00:00,50,1.97,grid,1.61,91.13
2025-05-13 08:00:00,133,14.62,solar,26.2,63.3
2025-05-31 22:00:00,28,15.273,grid,11.49,64.4
2025-05-30 15:00:00,185,0.631,grid,22.72,42.08
2025-06-07 02:00:00,36,18.008,grid,1.68,79.7
2025-05-13 08:00:00,112,16.6,grid,20.81,42.08
2025-05-30 15:00:00,24,15.016,grid,22.05,51.32
2025-05-15 11:00:00,56,52.354,grid,23.29,46.43
2025-05-31 22:00:00,187,65.034,grid,16.17,77.98
2025-05-16 18:00:00,182,24.728,grid,13.6,63.87
2025-06-07 02:00:00,21,113.976,solar,1.68,79.7
2025-05-30 15:00:00,139,73.384,grid,34.87,19.49
2025-05-13 08:00:00,157,14.813,grid,22.1,45.8
2025-06-07 02:00:00,6,13.698,grid,15.74,78.83
2025-05-15 11:00:00,64,45.241,grid,24.0,44.83
2025-05-15 11:00:00,197,0.682,grid,24.0,44.83
2025-06-10 16:00:00,186,0.882,solar,16.88,41.07
2025-05-30 15:00:00,182,14.544,grid,22.05,51.32
2025-05-16 22:00:00,37,1.165,wind,20.35,40.67
2025-05-23 18:00:00,51,55.844,grid,20.25,59.28
2025-05-23 18:00:00,117,32.515,grid,11.54,72.89
2025-05-15 11:00:00,113,20.466,grid,24.0,44.83
2025-06-10 16:00:00,163,27.588,wind,17.24,52.38
2025-05-30 15:00:00,122,14.264,wind,22.72,42.08
2025-05-15 11:00:00,116,19.275,grid,22.98,41.04
2025-05-17 13:00:00,113,18.2,grid,25.56,34.31
2025-05-17 13:00:00,160,18.329,grid,25.56,34.31
2025-06-07 02:00:00,12,1.479,wind,15.74,78.83
2025-06-10 16:00:00,125,21.058,wind,17.24,52.38
2025-05-16 22:00:00,200,50.524,grid,19.28,75.61
2025-05-16 18:00:00,53,9.992,grid,28.22,42.6
2025-05-16 22:00:00,52,11.47,grid,20.35,40.67
2025-05-15 11:00:00,9,67.861,grid,36.55,10.0
2025-05-23 18:00:00,92,16.902,grid,11.54,72.89
2025-06-07 02:00:00,102,12.711,grid,16.94,59.14
2025-05-13 08:00:00,39,14.372,wind,22.1,45.8
2025-06-10 16:00:00,103,13.22,wind,17.24,52.38
2025-06-07 02:00:00,169,11.83,wind,16.94,59.14
2025-05-17 13:00:00,9,53.697,grid,35.14,10.0
2025-05-31 22:00:00,168,46.635,grid,-2.54,93.97
2025-06-10 16:00:00,33,14.854,solar,25.39,57.04
2025-05-30 15:00:00,1,20.363,grid,22.05,51.32
2025-05-23 18:00:00,75,10.156,grid,20.25,59.28
2025-05-16 22:00:00,156,16.475,wind,12.81,62.46
2025-05-17 13:00:00,92,17.85,grid,25.56,34.31
2025-05-16 22:00:00,88,21.707,grid,12.81,62.46
2025-05-15 11:00:00,46,44.781,solar,23.29,46.43
2025-05-13 08:00:00,50,1.044,grid,16.53,48.87
2025-05-13 08:00:00,149,50.114,grid,20.81,42.08
2025-05-31 22:00:00,29,2.248,grid,8.94,79.92
2025-06-07 02:00:00,95,2.061,wind,9.62,74.47
2025-05-23 18:00:00,199,88.714,wind,11.54,72.89
2025-06-07 02:00:00,137,15.419,solar,16.94,59.14
2025-05-30 15:00:00,115,18.037,grid,22.05,51.32
2025-05-23 18:00:00,71,1.264,grid,28.69,31.74
2025-05-30 15:00:00,173,19.525,grid,22.72,42.08
2025-05-15 11:00:00,171,58.071,grid,36.55,10.0
2025-06-07 02:00:00,163,17.976,wind,9.62,74.47
2025-06-10 16:00:00,160,23.751,wind,16.88,41.07
2025-06-07 02:00:00,154,47.924,wind,21.72,50.58
2025-05-23 18:00:00,141,26.702,grid,17.22,59.67
2025-05-13 08:00:00,166,12.714,wind,22.1,45.8
2025-05-31 22:00:00,33,18.169,grid,16.17,77.98
2025-05-16 18:00:00,45,20.236,grid,13.92,62.21
2025-05-17 13:00:00,78,15.215,solar,35.14,10.0
2025-05-31 22:00:00,109,1.736,wind,16.17,77.98
2025-05-13 08:00:00,123,17.387,grid,22.1,45.8
2025-05-23 18:00:00,164,1.214,grid,28.69,31.74
2025-05-31 22:00:00,18,22.805,grid,-2.54,93.97
2025-05-16 18:00:00,133,14.69,solar,20.57,76.91
2025-05-17 13:00:00,71,0.871,grid,35.14,10.0
2025-05-30 15:00:00,9,56.908,grid,34.87,19.49
2025-05-16 22:00:00,189,20.594,grid,1.74,78.95
2025-05-31 22:00:00,195,24.836,grid,8.94,79.92
2025-05-31 22:00:00,46,62.223,grid,11.49,64.4
2025-06-07 02:00:00,183,14.735,solar,15.74,78.83
2025-05-17 13:00:00,6,27.668,grid,30.66,46.82
2025-05-15 11:00:00,151,27.712,grid,36.55,10.0
2025-05-16 22:00:00,65,20.363,grid,1.74,78.95
2025-05-31 22:00:00,68,28.745,grid,-2.54,93.97
2025-05-15 11:00:00,23,70.464,grid,28.46,58.13
2025-05-16 22:00:00,12,1.46,grid,19.28,75.61
2025-05-16 18:00:00,99,49.909,grid,20.17,45.62
2025-06-07 02:00:00,123,12.506,wind,16.94,59.14
2025-06-10 16:00:00,100,16.9,solar,23.84,38.04
2025-05-17 13:00:00,18,22.345,grid,25.56,34.31
2025-05-15 11:00:00,79,22.482,grid,28.46,58.13
2025-06-10 16:00:00,59,0.647,wind,23.84,38.04
2025-06-10 16:00:00,156,13.338,solar,23.84,38.04
2025-06-07 02:00:00,2,2.37,wind,1.68,79.7
2025-05-16 22:00:00,43,11.832,solar,12.81,62.46
2025-05-16 22:00:00,135,50.941,grid,19.28,75.61
2025-05-23 18:00:00,29,1.431,grid,17.22,59.67
2025-05-16 22:00:00,159,18.938,grid,1.61,91.13
2025-06-07 02:00:00,43,11.097,wind,16.94,59.14
2025-06-10 16:00:00,151,23.78,wind,33.19,22.28
2025-06-07 02:00:00,132,14.72,wind,15.74,78.83
2025-06-10 16:00:00,67,18.093,wind,16.88,41.07
2025-05-15 11:00:00,4,48.428,grid,22.98,41.04
2025-05-13 08:00:00,95,0.959,grid,20.81,42.08
2025-05-16 18:00:00,73,59.381,wind,13.92,62.21
2025-05-17 13:00:00,100,17.718,grid,25.81,35.08
2025-05-17 13:00:00,22,19.502,solar,25.56,34.31
2025-05-16 22:00:00,82,2.819,grid,1.74,78.95
2025-05-30 15:00:00,33,15.678,grid,30.8,50.99
2025-05-13 08:00:00,57,23.663,grid,26.2,63.3
2025-05-16 18:00:00,112,11.401,grid,13.6,63.87
2025-05-13 08:00:00,71,1.477,grid,30.33,19.91
2025-06-07 02:00:00,158,1.976,grid,15.74,78.83
2025-06-10 16:00:00,119,49.273,solar,23.84,38.04
2025-05-15 11:00:00,35,0.692,grid,24.0,44.83
2025-06-10 16:00:00,63,52.181,solar,25.39,57.04
2025-05-31 22:00:00,15,10.912,solar,11.49,64.4
2025-06-10 16:00:00,131,0.696,wind,17.24,52.38
2025-05-13 08:00:00,37,1.217,grid,30.33,19.91
2025-05-16 22:00:00,9,39.386,grid,20.35,40.67
2025-06-07 02:00:00,5,77.826,wind,9.62,74.47
2025-06-07 02:00:00,47,2.188,wind,1.68,79.7
2025-05-23 18:00:00,16,22.105,solar,11.54,72.89
2025-05-16 18:00:00,78,13.293,grid,28.22,42.6
2025-06-10 16:00:00,124,42.677,solar,25.39,57.04
2025-05-13 08:00:00,121,1.808,grid,26.2,63.3
2025-05-16 18:00:00,141,23.49,grid,13.6,63.87
2025-05-16 18:00:00,121,1.491,grid,20.57,76.91
2025-05-13 08:00:00,164,1.198,grid,30.33,19.91
2025-05-13 08:00:00,51,44.985,grid,22.1,45.8
2025-05-17 13:00:00,177,13.132,grid,25.56,34.31
2025-06-10 16:00:00,18,20.086,wind,16.88,41.07
2025-05-31 22:00:00,105,18.148,solar,11.49,64.4
2025-05-23 18:00:00,176,1.298,grid,28.69,31.74
2025-05-13 08:00:00,96,13.145,solar,22.1,45.8
2025-05-30 15:00:00,132,26.102,grid,30.8,50.99
2025-06-10 16:00:00,162,76.239,grid,33.19,22.28
2025-06-07 02:00:00,53,7.736,wind,21.72,50.58
2025-05-30 15:00:00,35,0.684,grid,22.72,42.08
2025-05-31 22:00:00,139,42.247,grid,22.35,43.35
2025-05-13 08:00:00,197,1.43,grid,16.53,48.87
2025-05-13 08:00:00,106,1.427,grid,26.2,63.3
2025-05-16 18:00:00,198,20.414,solar,20.17,45.62
2025-05-15 11:00:00,145,24.001,grid,36.55,10.0
2025-05-15 11:00:00,61,15.434,grid,22.98,41.04
2025-05-15 11:00:00,129,23.763,grid,28.46,58.13
2025-05-16 22:00:00,25,93.19,grid,1.74,78.95
2025-05-30 15:00:00,134,17.901,grid,30.8,50.99
2025-05-31 22:00:00,107,1.201,solar,22.35,43.35
2025-05-23 18:00:00,148,7.352,grid,20.25,59.28
2025-05-16 18:00:00,32,18.514,grid,20.57,76.91
2025-05-23 18:00:00,44,13.77,grid,11.54,72.89
2025-06-07 02:00:00,190,1.73,wind,9.62,74.47
2025-06-07 02:00:00,133,17.579,wind,15.74,78.83
2025-06-07 02:00:00,31,11.127,wind,16.94,59.14
2025-05-13 08:00:00,44,21.27,solar,16.53,48.87
2025-05-13 08:00:00,67,25.401,solar,16.53,48.87
2025-05-13 08:00:00,38,0.99,solar,30.33,19.91
2025-05-30 15:00:00,57,20.82,grid,30.8,50.99
2025-06-10 16:00:00,98,68.522,solar,33.19,22.28
2025-05-15 11:00:00,19,14.786,grid,22.98,41.04
2025-05-16 18:00:00,137,13.961,grid,20.17,45.62
2025-05-15 11:00:00,63,57.344,wind,28.46,58.13
2025-06-07 02:00:00,82,2.412,wind,9.62,74.47
2025-05-16 18:00:00,120,1.319,grid,20.57,76.91
2025-05-16 18:00:00,96,15.309,grid,20.17,45.62
2025-05-15 11:00:00,143,47.317,grid,36.55,10.0
2025-05-13 08:00:00,185,1.342,grid,16.53,48.87
2025-05-16 18:00:00,93,12.325,grid,13.92,62.21
2025-05-16 22:00:00,108,42.394,grid,20.35,40.67
2025-05-30 15:00:00,30,15.168,grid,22.72,42.08
2025-05-30 15:00:00,97,16.816,grid,22.72,42.08
2025-05-15 11:00:00,47,0.625,grid,24.0,44.83
2025-05-16 18:00:00,131,1.472,grid,13.6,63.87
2025-05-30 15:00:00,118,0.54,grid,22.2,47.97
2025-05-31 22:00:00,38,0.947,grid,22.35,43.35
2025-06-07 02:00:00,80,20.439,wind,9.62,74.47
2025-05-16 18:00:00,111,17.248,grid,20.17,45.62
2025-05-23 18:00:00,11,44.866,grid,20.25,59.28
2025-05-30 15:00:00,13,65.842,grid,30.8,50.99
2025-05-23 18:00:00,200,50.034,solar,22.14,80.0
2025-06-07 02:00:00,84,15.708,wind,9.62,74.47
2025-05-23 18:00:00,36,26.663,grid,11.54,72.89
2025-05-30 15:00:00,162,62.75,grid,34.87,19.49
2025-05-16 18:00:00,69,10.394,grid,20.17,45.62
2025-05-16 18:00:00,82,1.689,grid,13.6,63.87
2025-05-13 08:00:00,169,14.205,grid,22.1,45.8
2025-06-10 16:00:00,21,60.431,solar,16.88,41.07
2025-05-16 18:00:00,150,54.566,wind,20.17,45.62
2025-05-13 08:00:00,15,14.08,grid,22.1,45.8
2025-05-17 13:00:00,198,21.0,grid,25.81,35.08
2025-06-10 16:00:00,134,17.095,solar,25.39,57.04
2025-05-31 22:00:00,180,183.14,solar,-2.54,93.97
2025-05-17 13:00:00,158,0.833,grid,30.66,46.82
2025-05-15 11:00:00,119,48.386,grid,23.29,46.43
2025-05-16 22:00:00,140,26.679,grid,1.74,78.95
2025-05-23 18:00:00,182,21.748,grid,17.22,59.67
2025-05-15 11:00:00,72,31.817,grid,36.55,10.0
2025-05-16 22:00:00,180,147.786,solar,1.61,91.13
2025-05-16 18:00:00,90,1.608,grid,20.57,76.91
2025-06-10 16:00:00,86,0.514,solar,23.84,38.04
2025-05-13 08:00:00,2,1.542,grid,16.53,48.87
2025-05-17 13:00:00,170,15.565,grid,35.14,10.0
2025-05-31 22:00:00,143,40.351,grid,22.35,43.35
2025-05-16 18:00:00,29,1.517,grid,13.6,63.87
2025-05-13 08:00:00,82,1.357,grid,20.81,42.08
2025-05-15 11:00:00,135,55.105,grid,28.46,58.13
2025-05-15 11:00:00,30,16.987,grid,24.0,44.83
2025-05-17 13:00:00,76,61.119,grid,25.81,35.08
2025-05-30 15:00:00,63,62.889,grid,30.8,50.99
2025-05-16 22:00:00,95,2.441,grid,1.74,78.95
2025-05-15 11:00:00,87,64.929,grid,28.46,58.13
2025-06-10 16:00:00,13,50.505,grid,25.39,57.04
2025-05-23 18:00:00,118,1.092,grid,20.25,59.28
2025-05-16 22:00:00,33,13.816,solar,19.28,75.61
2025-05-13 08:00:00,110,24.726,grid,26.2,63.3
2025-05-16 22:00:00,85,112.32,wind,1.74,78.95
2025-05-16 22:00:00,97,24.393,grid,1.61,91.13
2025-05-17 13:00:00,187,58.006,grid,30.66,46.82
2025-05-23 18:00:00,87,62.206,grid,22.14,80.0
2025-05-15 11:00:00,93,16.702,grid,24.0,44.83
2025-05-23 18:00:00,70,16.468,grid,17.22,59.67
2025-05-23 18:00:00,22,26.866,grid,11.54,72.89
2025-05-13 08:00:00,179,1.216,grid,16.53,48.87
2025-05-15 11:00:00,127,0.62,grid,22.98,41.04
2025-06-07 02:00:00,16,25.287,wind,1.68,79.7
2025-06-07 02:00:00,106,1.692,wind,15.74,78.83
2025-06-07 02:00:00,99,68.924,wind,16.94,59.14
2025-05-15 11:00:00,85,37.598,grid,22.98,41.04
2025-05-17 13:00:00,64,42.921,grid,25.56,34.31
2025-05-30 15:00:00,52,16.631,solar,34.87,19.49
2025-06-07 02:00:00,143,36.612,wind,21.72,50.58
2025-05-31 22:00:00,175,17.58,grid,8.94,79.92
2025-05-31 22:00:00,60,82.458,grid,16.17,77.98
2025-05-23 18:00:00,20,15.856,grid,17.22,59.67
2025-05-16 22:00:00,179,2.315,grid,1.61,91.13
2025-06-10 16:00:00,87,54.731,solar,25.39,57.04
2025-05-13 08:00:00,42,20.679,grid,16.53,48.87
2025-05-30 15:00:00,10,47.186,grid,22.05,51.32
2025-05-13 08:00:00,101,14.557,grid,20.81,42.08
2025-05-23 18:00:00,151,18.99,grid,28.69,31.74
2025-05-30 15:00:00,16,12.37,grid,22.72,42.08
2025-06-10 16:00:00,42,23.154,grid,16.88,41.07
2025-05-16 18:00:00,181,16.75,solar,20.57,76.91
2025-05-31 22:00:00,48,14.807,grid,16.17,77.98
2025-05-23 18:00:00,186,1.805,grid,11.54,72.89
2025-06-07 02:00:00,67,19.985,wind,1.68,79.7
2025-05-31 22:00:00,142,10.567,grid,22.35,43.35
2025-05-15 11:00:00,188,69.726,grid,28.46,58.13
2025-06-10 16:00:00,130,8.862,wind,23.84,38.04
2025-05-31 22:00:00,45,19.866,solar,-2.54,93.97
2025-05-16 22:00:00,56,87.322,grid,12.81,62.46
2025-06-07 02:00:00,18,21.226,wind,1.68,79.7
2025-05-13 08:00:00,40,16.013,grid,26.2,63.3
2025-06-07 02:00:00,58,13.497,wind,9.62,74.47
2025-05-31 22:00:00,148,13.162,grid,11.49,64.4
2025-05-30 15:00:00,171,50.042,wind,34.87,19.49
2025-05-31 22:00:00,129,11.174,grid,16.17,77.98
2025-05-17 13:00:00,165,20.211,grid,35.14,10.0
2025-05-16 22:00:00,103,25.47,wind,1.74,78.95
2025-05-13 08:00:00,83,27.173,grid,30.33,19.91
2025-05-17 13:00:00,183,18.168,wind,30.66,46.82
2025-05-17 13:00:00,99,51.808,grid,25.81,35.08
2025-06-07 02:00:00,134,21.949,wind,15.74,78.83
2025-05-17 13:00:00,67,18.851,grid,25.56,34.31
2025-05-16 18:00:00,15,6.799,grid,20.17,45.62
2025-05-30 15:00:00,152,22.623,grid,34.87,19.49
2025-06-10 16:00:00,143,58.724,wind,33.19,22.28
2025-05-17 13:00:00,87,73.971,grid,30.66,46.82
2025-05-15 11:00:00,43,16.751,grid,23.29,46.43
2025-05-30 15:00:00,64,43.587,grid,22.72,42.08
2025-05-30 15:00:00,141,18.489,grid,22.05,51.32
2025-06-10 16:00:00,80,14.152,solar,17.24,52.38
2025-05-16 22:00:00,141,18.08,grid,1.74,78.95
2025-05-23 18:00:00,62,53.197,grid,22.14,80.0
2025-05-17 13:00:00,30,17.607,grid,25.56,34.31
2025-05-16 22:00:00,93,16.358,grid,1.61,91.13
2025-06-07 02:00:00,127,1.966,wind,9.62,74.47
2025-05-16 18:00:00,191,19.634,grid,28.22,42.6
2025-06-07 02:00:00,9,44.223,wind,21.72,50.58
2025-05-15 11:00:00,5,44.645,grid,22.98,41.04
2025-05-15 11:00:00,181,16.676,grid,28.46,58.13
2025-05-16 22:00:00,194,1.087,grid,19.28,75.61
2025-05-15 11:00:00,14,17.363,grid,24.0,44.83
2025-05-15 11:00:00,101,15.681,grid,22.98,41.04
2025-05-31 22:00:00,116,18.683,grid,8.94,79.92
2025-05-17 13:00:00,110,25.229,grid,30.66,46.82
2025-05-17 13:00:00,186,0.704,grid,25.56,34.31
2025-05-17 13:00:00,135,63.293,grid,30.66,46.82
2025-06-07 02:00:00,150,64.341,wind,16.94,59.14
2025-05-17 13:00:00,17,0.666,grid,25.81,35.08
2025-05-17 13:00:00,73,51.711,wind,25.56,34.31
2025-05-13 08:00:00,30,21.185,solar,16.53,48.87
2025-06-07 02:00:00,121,1.87,wind,15.74,78.83
2025-06-07 02:00:00,159,17.078,wind,1.68,79.7
2025-05-30 15:00:00,190,0.573,wind,22.05,51.32
2025-05-15 11:00:00,165,21.181,solar,36.55,10.0
2025-05-15 11:00:00,137,11.815,grid,23.29,46.43
2025-06-07 02:00:00,78,13.59,wind,21.72,50.58
2025-06-10 16:00:00,84,10.435,wind,17.24,52.38
2025-06-07 02:00:00,35,3.101,wind,1.68,79.7
2025-05-17 13:00:00,195,13.889,grid,24.76,36.33
2025-05-15 11:00:00,58,15.038,grid,22.98,41.04
2025-05-31 22:00:00,92,21.865,grid,-2.54,93.97
2025-05-30 15:00:00,98,73.346,grid,34.87,19.49
2025-05-16 22:00:00,192,119.21,solar,1.61,91.13
2025-06-07 02:00:00,147,7.964,grid,21.72,50.58
2025-05-15 11:00:00,160,21.663,grid,24.0,44.83
2025-05-31 22:00:00,132,12.636,grid,16.17,77.98
2025-05-17 13:00:00,185,0.712,grid,25.56,34.31
2025-05-30 15:00:00,14,15.759,grid,22.72,42.08
2025-06-07 02:00:00,46,64.212,wind,16.94,59.14
2025-05-23 18:00:00,38,1.166,grid,28.69,31.74
2025-05-16 18:00:00,135,57.133,grid,20.57,76.91
2025-05-16 22:00:00,34,16.678,grid,12.81,62.46
2025-06-10 16:00:00,116,9.636,wind,17.24,52.38
2025-05-13 08:00:00,177,17.17,solar,16.53,48.87
2025-05-31 22:00:00,146,13.592,grid,11.49,64.4
2025-05-30 15:00:00,82,0.713,grid,22.05,51.32
2025-05-17 13:00:00,112,15.44,grid,24.76,36.33
2025-05-23 18:00:00,101,17.147,grid,17.22,59.67
2025-05-30 15:00:00,186,0.696,grid,22.72,42.08
2025-05-17 13:00:00,196,19.803,grid,25.56,34.31
2025-05-13 08:00:00,186,1.659,grid,16.53,48.87
2025-05-13 08:00:00,92,21.837,grid,16.53,48.87
2025-06-10 16:00:00,193,0.901,solar,33.19,22.28
2025-05-23 18:00:00,113,14.608,grid,11.54,72.89
2025-06-07 02:00:00,33,16.734,solar,15.74,78.83
2025-05-31 22:00:00,125,19.098,grid,8.94,79.92
2025-06-07 02:00:00,32,25.264,wind,15.74,78.83
2025-06-10 16:00:00,169,9.119,wind,23.84,38.04
2025-06-07 02:00:00,136,1.855,solar,15.74,78.83
2025-05-16 18:00:00,174,14.321,grid,20.17,45.62
2025-05-31 22:00:00,17,1.428,grid,11.49,64.4
2025-05-16 18:00:00,2,1.769,grid,13.92,62.21
2025-05-30 15:00:00,193,0.802,grid,34.87,19.49
2025-05-15 11:00:00,18,18.298,grid,24.0,44.83
2025-06-10 16:00:00,65,23.212,wind,17.24,52.38
2025-05-15 11:00:00,107,1.078,grid,36.55,10.0
2025-05-13 08:00:00,27,53.254,grid,16.53,48.87
2025-05-30 15:00:00,137,11.002,grid,22.2,47.97
2025-06-07 02:00:00,155,28.724,wind,1.68,79.7
2025-05-15 11:00:00,91,0.856,grid,36.55,10.0
2025-05-16 18:00:00,68,15.287,grid,13.92,62.21
2025-06-07 02:00:00,26,95.904,grid,1.68,79.7
2025-05-17 13:00:00,85,48.22,grid,24.76,36.33
2025-05-31 22:00:00,87,65.445,grid,16.17,77.98
2025-06-10 16:00:00,180,62.389,grid,16.88,41.07
2025-06-07 02:00:00,14,17.916,wind,1.68,79.7
2025-05-16 22:00:00,90,1.371,grid,19.28,75.61
2025-05-31 22:00:00,184,18.375,solar,8.94,79.92
2025-06-10 16:00:00,55,0.927,wind,16.88,41.07
2025-06-10 16:00:00,32,18.486,solar,25.39,57.04
2025-05-30 15:00:00,153,65.212,grid,30.8,50.99
2025-05-23 18:00:00,181,13.633,solar,22.14,80.0
2025-05-31 22:00:00,118,1.863,grid,11.49,64.4
2025-06-07 02:00:00,56,74.726,wind,16.94,59.14
2025-06-10 16:00:00,14,17.995,wind,16.88,41.07
2025-05-17 13:00:00,174,14.205,wind,25.81,35.08
2025-05-15 11:00:00,54,28.116,grid,36.55,10.0
2025-05-17 13:00:00,23,65.954,grid,30.66,46.82
2025-05-16 22:00:00,73,121.574,grid,1.61,91.13
2025-05-30 15:00:00,79,28.997,grid,30.8,50.99
2025-05-31 22:00:00,172,82.037,grid,8.94,79.92
2025-05-31 22:00:00,101,12.314,grid,8.94,79.92
2025-06-10 16:00:00,41,0.912,grid,33.19,22.28
2025-05-23 18:00:00,33,16.154,grid,22.14,80.0
2025-05-23 18:00:00,177,24.624,wind,11.54,72.89
2025-06-10 16:00:00,30,20.621,wind,16.88,41.07
2025-05-16 18:00:00,127,1.511,grid,13.6,63.87
2025-05-23 18:00:00,195,14.339,grid,17.22,59.67
2025-05-23 18:00:00,3,1.34,grid,20.25,59.28
2025-06-07 02:00:00,186,2.439,wind,1.68,79.7
2025-05-17 13:00:00,72,24.301,solar,35.14,10.0
2025-06-10 16:00:00,101,19.852,solar,17.24,52.38
2025-05-16 22:00:00,20,27.67,grid,1.74,78.95
2025-05-13 08:00:00,45,17.357,solar,16.53,48.87
2025-05-16 22:00:00,58,18.815,grid,1.74,78.95
2025-05-30 15:00:00,95,0.54,grid,22.05,51.32
2025-05-31 22:00:00,100,14.424,grid,11.49,64.4
2025-05-16 22:00:00,51,66.444,grid,12.81,62.46
2025-05-23 18:00:00,61,9.725,solar,17.22,59.67
2025-05-30 15:00:00,172,45.765,grid,22.05,51.32
2025-05-16 22:00:00,117,18.796,grid,1.61,91.13
2025-05-30 15:00:00,179,0.636,grid,22.72,42.08
2025-05-30 15:00:00,85,42.804,grid,22.05,51.32
2025-05-16 22:00:00,1,19.113,wind,1.74,78.95
2025-05-30 15:00:00,129,22.756,grid,30.8,50.99
2025-05-16 18:00:00,123,24.417,grid,20.17,45.62
2025-05-31 22:00:00,47,3.092,grid,-2.54,93.97
2025-05-15 11:00:00,33,14.966,solar,28.46,58.13
2025-05-23 18:00:00,1,25.428,wind,17.22,59.67
2025-05-16 18:00:00,23,61.14,grid,20.57,76.91
2025-05-17 13:00:00,138,19.943,solar,25.81,35.08
2025-05-31 22:00:00,55,3.02,grid,-2.54,93.97
2025-06-07 02:00:00,23,74.249,grid,15.74,78.83
2025-06-10 16:00:00,4,73.264,grid,17.24,52.38
2025-05-16 18:00:00,55,1.793,grid,13.92,62.21
2025-05-16 18:00:00,25,62.822,grid,13.6,63.87
2025-06-07 02:00:00,90,1.913,wind,15.74,78.83
2025-05-16 22:00:00,114,13.794,grid,19.28,75.61
2025-06-07 02:00:00,145,8.37,wind,21.72,50.58
2025-06-07 02:00:00,187,72.463,wind,15.74,78.83
2025-05-16 18:00:00,85,68.539,grid,13.6,63.87
2025-06-07 02:00:00,142,10.001,wind,21.72,50.58
2025-05-16 22:00:00,166,19.313,wind,12.81,62.46
2025-06-10 16:00:00,197,0.602,grid,16.88,41.07
2025-05-15 11:00:00,67,18.779,grid,24.0,44.83
2025-05-13 08:00:00,122,17.642,grid,16.53,48.87
2025-05-17 13:00:00,32,19.765,grid,30.66,46.82
2025-05-15 11:00:00,70,12.118,grid,22.98,41.04
2025-05-16 22:00:00,151,7.984,grid,20.35,40.67
2025-05-17 13:00:00,43,16.722,wind,25.81,35.08
2025-05-17 13:00:00,60,65.419,grid,30.66,46.82
2025-05-16 22:00:00,197,2.594,grid,1.61,91.13
2025-05-16 18:00:00,63,47.436,grid,20.57,76.91
2025-05-13 08:00:00,118,0.93,grid,22.1,45.8
2025-05-16 22:00:00,105,16.427,grid,12.81,62.46
2025-05-31 22:00:00,23,61.421,grid,16.17,77.98
2025-05-31 22:00:00,112,14.3,grid,8.94,79.92
2025-05-15 11:00:00,134,19.384,grid,28.46,58.13
2025-05-23 18:00:00,132,20.97,grid,22.14,80.0
2025-05-30 15:00:00,7,17.91,grid,22.05,51.32
2025-05-17 13:00:00,3,0.767,grid,25.81,35.08
2025-05-17 13:00:00,15,14.124,grid,25.81,35.08
2025-05-30 15:00:00,54,24.032,grid,34.87,19.49
2025-05-15 11:00:00,82,0.588,solar,22.98,41.04
2025-05-30 15:00:00,147,19.015,solar,34.87,19.49
2025-05-23 18:00:00,9,55.525,grid,28.69,31.74
2025-05-13 08:00:00,167,1.33,grid,20.81,42.08
2025-05-23 18:00:00,165,14.475,grid,28.69,31.74
2025-05-17 13:00:00,181,18.702,grid,30.66,46.82
2025-05-31 22:00:00,182,15.031,grid,8.94,79.92
2025-05-30 15:00:00,158,0.85,grid,30.8,50.99
2025-05-17 13:00:00,115,19.475,solar,24.76,36.33
2025-05-16 18:00:00,37,1.648,grid,28.22,42.6
2025-05-15 11:00:00,162,59.8,grid,36.55,10.0
2025-05-23 18:00:00,187,59.191,grid,22.14,80.0
2025-05-30 15:00:00,103,13.795,grid,22.05,51.32
2025-05-13 08:00:00,104,42.956,grid,20.81,42.08
2025-05-16 22:00:00,131,2.44,grid,1.74,78.95
2025-05-23 18:00:00,136,1.57,grid,22.14,80.0
2025-05-13 08:00:00,174,13.597,grid,22.1,45.8
2025-05-23 18:00:00,67,29.27,grid,11.54,72.89
2025-05-17 13:00:00,37,0.821,grid,35.14,10.0
2025-05-31 22:00:00,8,2.063,grid,11.49,64.4
2025-05-31 22:00:00,3,2.026,grid,11.49,64.4
2025-05-30 15:00:00,144,19.75,grid,22.2,47.97
2025-05-23 18:00:00,53,10.014,solar,28.69,31.74
2025-05-17 13:00:00,184,21.723,grid,24.76,36.33
2025-05-23 18:00:00,6,20.283,grid,22.14,80.0
2025-06-07 02:00:00,64,101.936,wind,1.68,79.7
2025-05-16 18:00:00,31,15.636,grid,20.17,45.62
2025-06-07 02:00:00,72,10.355,wind,21.72,50.58
2025-05-17 13:00:00,63,63.942,grid,30.66,46.82
2025-05-31 22:00:00,1,17.558,wind,8.94,79.92
2025-05-16 22:00:00,81,2.76,grid,1.61,91.13
2025-06-10 16:00:00,105,13.882,wind,23.84,38.04
2025-05-30 15:00:00,34,11.0,solar,22.2,47.97
2025-05-31 22:00:00,5,87.999,grid,8.94,79.92
2025-05-16 22:00:00,177,28.953,grid,1.61,91.13
2025-05-30 15:00:00,11,42.52,grid,22.2,47.97
2025-06-10 16:00:00,35,0.902,wind,16.88,41.07
2025-06-10 16:00:00,108,68.335,solar,33.19,22.28
2025-06-07 02:00:00,24,12.573,wind,9.62,74.47
2025-05-16 22:00:00,22,23.539,grid,1.61,91.13
2025-05-23 18:00:00,178,1.483,grid,28.69,31.74
2025-06-07 02:00:00,114,16.669,wind,15.74,78.83
2025-05-16 22:00:00,80,22.893,grid,1.74,78.95
2025-05-30 15:00:00,159,15.866,grid,22.72,42.08
2025-05-16 18:00:00,159,9.642,grid,13.92,62.21
2025-05-15 11:00:00,168,14.159,grid,24.0,44.83
2025-05-16 22:00:00,53,8.957,grid,20.35,40.67
2025-05-16 18:00:00,24,12.066,grid,13.6,63.87
2025-05-17 13:00:00,65,19.831,grid,24.76,36.33
2025-05-31 22:00:00,151,9.186,grid,22.35,43.35
2025-05-16 22:00:00,54,8.69,grid,20.35,40.67
2025-05-15 11:00:00,195,13.999,solar,22.98,41.04
2025-05-16 22:00:00,61,17.882,grid,1.74,78.95
2025-06-10 16:00:00,133,11.647,wind,25.39,57.04
2025-05-17 13:00:00,108,55.601,grid,35.14,10.0
2025-05-17 13:00:00,131,0.478,grid,24.76,36.33
2025-05-13 08:00:00,7,19.441,grid,20.81,42.08
2025-05-16 22:00:00,127,2.17,grid,1.74,78.95
2025-05-16 18:00:00,10,76.479,wind,13.6,63.87
2025-05-30 15:00:00,67,16.561,grid,22.72,42.08
2025-05-13 08:00:00,29,1.233,grid,20.81,42.08
2025-05-16 22:00:00,112,21.274,solar,1.74,78.95
2025-06-10 16:00:00,36,16.029,solar,16.88,41.07
2025-06-07 02:00:00,113,21.748,wind,1.68,79.7
2025-06-10 16:00:00,117,17.996,solar,16.88,41.07
2025-05-31 22:00:00,85,83.471,grid,8.94,79.92
2025-05-15 11:00:00,153,53.652,grid,28.46,58.13
2025-05-13 08:00:00,12,1.322,grid,26.2,63.3
2025-05-16 18:00:00,5,77.41,grid,13.6,63.87
2025-05-23 18:00:00,13,57.512,grid,22.14,80.0
2025-05-17 13:00:00,21,59.117,grid,25.56,34.31
2025-05-16 18:00:00,6,22.172,grid,20.57,76.91
2025-05-23 18:00:00,55,2.213,grid,11.54,72.89
2025-06-07 02:00:00,7,17.175,wind,9.62,74.47
2025-05-13 08:00:00,175,16.495,grid,20.81,42.08
2025-05-31 22:00:00,155,33.282,grid,-2.54,93.97
2025-05-16 22:00:00,19,16.974,grid,1.74,78.95
2025-05-31 22:00:00,14,18.121,grid,-2.54,93.97
2025-06-10 16:00:00,90,0.775,solar,25.39,57.04
2025-05-30 15:00:00,80,9.195,grid,22.05,51.32
2025-05-16 18:00:00,14,18.446,grid,13.92,62.21
2025-05-13 08:00:00,9,52.886,grid,30.33,19.91
2025-05-30 15:00:00,199,47.427,grid,22.72,42.08
2025-05-13 08:00:00,155,15.501,grid,16.53,48.87
2025-05-15 11:00:00,55,0.755,grid,24.0,44.83
2025-06-07 02:00:00,167,2.123,solar,9.62,74.47
2025-05-16 22:00:00,99,65.603,wind,12.81,62.46
2025-05-23 18:00:00,17,1.257,grid,20.25,59.28
2025-06-07 02:00:00,25,86.086,wind,9.62,74.47
2025-05-30 15:00:00,45,15.435,grid,22.72,42.08
2025-05-17 13:00:00,152,21.9,wind,35.14,10.0
2025-06-07 02:00:00,86,1.375,wind,16.94,59.14
2025-05-15 11:00:00,122,14.933,grid,24.0,44.83
2025-05-31 22:00:00,10,86.232,wind,8.94,79.92
2025-05-16 22:00:00,198,14.449,grid,12.81,62.46
2025-05-31 22:00:00,74,1.169,solar,22.35,43.35
2025-05-23 18:00:00,126,29.716,grid,28.69,31.74
2025-05-16 18:00:00,11,53.934,grid,20.17,45.62
2025-05-17 13:00:00,44,15.378,grid,25.56,34.31
2025-05-17 13:00:00,8,0.725,grid,25.81,35.08
2025-05-15 11:00:00,180,55.645,wind,24.0,44.83
2025-05-17 13:00:00,124,61.383,grid,30.66,46.82
2025-06-07 02:00:00,92,23.414,wind,1.68,79.7
2025-05-15 11:00:00,172,36.42,grid,22.98,41.04
2025-05-13 08:00:00,168,17.443,grid,16.53,48.87
2025-05-13 08:00:00,163,20.939,grid,20.81,42.08
2025-05-16 18:00:00,77,25.032,grid,28.22,42.6
2025-06-10 16:00:00,99,48.2,wind,23.84,38.04
2025-06-07 02:00:00,39,8.534,wind,16.94,59.14
2025-05-23 18:00:00,24,8.065,grid,17.22,59.67
2025-05-30 15:00:00,151,28.81,solar,34.87,19.49
2025-05-31 22:00:00,27,106.023,grid,-2.54,93.97
2025-05-31 22:00:00,119,73.89,grid,11.49,64.4
2025-05-31 22:00:00,12,1.469,grid,16.17,77.98
2025-05-30 15:00:00,161,14.618,grid,22.05,51.32
2025-05-16 22:00:00,68,23.172,grid,1.61,91.13
2025-06-10 16:00:00,25,57.996,wind,17.24,52.38
2025-05-16 18:00:00,146,17.451,grid,20.17,45.62
2025-05-17 13:00:00,200,52.915,grid,30.66,46.82
2025-05-17 13:00:00,10,54.346,grid,24.76,36.33
2025-05-16 22:00:00,4,106.242,grid,1.74,78.95
2025-05-16 22:00:00,147,7.162,grid,20.35,40.67
2025-05-31 22:00:00,167,2.31,grid,8.94,79.92
2025-06-07 02:00:00,45,16.423,wind,1.68,79.7
2025-05-30 15:00:00,72,29.954,solar,34.87,19.49
2025-06-10 16:00:00,181,17.621,wind,25.39,57.04
2025-05-31 22:00:00,152,7.677,grid,22.35,43.35
2025-05-13 08:00:00,1,18.365,grid,20.81,42.08
2025-05-23 18:00:00,138,19.534,grid,20.25,59.28
2025-05-15 11:00:00,111,15.289,grid,23.29,46.43
2025-06-07 02:00:00,111,8.076,solar,16.94,59.14
2025-05-30 15:00:00,123,21.96,grid,22.2,47.97
2025-05-16 18:00:00,9,48.549,grid,28.22,42.6
2025-06-07 02:00:00,129,13.65,grid,15.74,78.83
2025-05-30 15:00:00,68,19.188,grid,22.72,42.08
2025-05-13 08:00:00,193,1.37,grid,30.33,19.91
2025-05-30 15:00:00,105,10.558,solar,22.2,47.97
2025-05-13 08:00:00,78,15.858,wind,30.33,19.91
2025-05-30 15:00:00,195,12.448,grid,22.05,51.32
2025-05-13 08:00:00,129,24.119,solar,26.2,63.3
2025-05-13 08:00:00,159,21.256,grid,16.53,48.87
2025-06-07 02:00:00,149,78.337,wind,9.62,74.47
2025-05-17 13:00:00,41,0.793,grid,35.14,10.0
2025-05-31 22:00:00,173,24.053,grid,-2.54,93.97
2025-06-07 02:00:00,130,10.602,solar,16.94,59.14
2025-05-13 08:00:00,135,61.182,wind,26.2,63.3
2025-05-17 13:00:00,11,41.919,grid,25.81,35.08
2025-06-07 02:00:00,69,11.667,wind,16.94,59.14
2025-05-23 18:00:00,131,1.09,grid,17.22,59.67
2025-05-30 15:00:00,83,26.046,wind,34.87,19.49
2025-05-16 18:00:00,7,29.25,solar,13.6,63.87
2025-05-16 18:00:00,86,1.306,grid,20.17,45.62
2025-05-16 22:00:00,136,1.532,grid,19.28,75.61
2025-05-16 22:00:00,23,65.216,wind,19.28,75.61
2025-05-23 18:00:00,15,7.543,grid,20.25,59.28
2025-06-07 02:00:00,109,1.785,grid,15.74,78.83
2025-05-16 22:00:00,38,0.878,grid,20.35,40.67
2025-05-13 08:00:00,143,50.031,grid,30.33,19.91
2025-05-16 18:00:00,115,25.547,grid,13.6,63.87
2025-05-30 15:00:00,183,17.064,grid,30.8,50.99
2025-05-17 13:00:00,150,51.221,grid,25.81,35.08
2025-05-15 11:00:00,161,14.555,grid,22.98,41.04
2025-05-13 08:00:00,128,13.507,grid,22.1,45.8
2025-06-10 16:00:00,1,22.602,wind,17.24,52.38
2025-06-10 16:00:00,45,20.261,wind,16.88,41.07
2025-06-07 02:00:00,71,1.15,wind,21.72,50.58
2025-05-23 18:00:00,26,88.767,grid,11.54,72.89
2025-05-16 18:00:00,89,63.114,grid,28.22,42.6
2025-06-10 16:00:00,39,7.577,wind,23.84,38.04
2025-06-07 02:00:00,91,1.028,wind,21.72,50.58
2025-05-17 13:00:00,93,18.294,solar,25.56,34.31
2025-05-16 22:00:00,171,49.764,grid,20.35,40.67
2025-05-16 18:00:00,124,48.344,wind,20.57,76.91
2025-05-13 08:00:00,47,1.554,wind,16.53,48.87
2025-06-10 16:00:00,127,0.592,grid,17.24,52.38
2025-06-10 16:00:00,176,0.934,wind,33.19,22.28
2025-06-07 02:00:00,117,21.509,wind,1.68,79.7
2025-06-07 02:00:00,96,9.557,wind,16.94,59.14
2025-05-15 11:00:00,51,47.088,grid,23.29,46.43
2025-06-10 16:00:00,74,0.994,grid,33.19,22.28
2025-06-10 16:00:00,185,0.811,wind,16.88,41.07
2025-06-07 02:00:00,87,72.564,wind,15.74,78.83
2025-05-15 11:00:00,74,1.009,grid,36.55,10.0
2025-06-10 16:00:00,54,10.703,solar,33.19,22.28
2025-05-15 11:00:00,121,0.92,grid,28.46,58.13
2025-05-31 22:00:00,70,20.621,grid,8.94,79.92
2025-05-16 18:00:00,140,17.886,grid,13.6,63.87
2025-05-30 15:00:00,138,17.049,grid,22.2,47.97
2025-05-23 18:00:00,115,24.561,grid,17.22,59.67
2025-05-15 11:00:00,104,44.34,grid,22.98,41.04
2025-05-16 18:00:00,38,1.048,grid,28.22,42.6
2025-05-31 22:00:00,67,24.028,grid,-2.54,93.97
2025-05-23 18:00:00,153,50.671,grid,22.14,80.0
2025-05-31 22:00:00,36,21.262,solar,-2.54,93.97
2025-05-31 22:00:00,97,22.383,grid,-2.54,93.97
2025-05-16 22:00:00,79,11.786,grid,19.28,75.61
2025-05-23 18:00:00,74,1.491,grid,28.69,31.74
2025-05-23 18:00:00,104,56.583,wind,17.22,59.67
2025-05-13 08:00:00,98,61.552,wind,30.33,19.91
2025-05-17 13:00:00,153,62.71,grid,30.66,46.82
2025-05-30 15:00:00,149,48.175,grid,22.05,51.32
2025-05-16 22:00:00,153,47.836,grid,19.28,75.61
2025-05-13 08:00:00,150,51.748,grid,22.1,45.8
2025-05-16 18:00:00,165,18.897,grid,28.22,42.6
2025-05-16 18:00:00,126,24.176,solar,28.22,42.6
2025-05-16 22:00:00,170,11.634,solar,20.35,40.67
2025-06-10 16:00:00,175,23.357,wind,17.24,52.38
2025-05-30 15:00:00,124,50.605,grid,30.8,50.99
2025-05-23 18:00:00,89,55.111,grid,28.69,31.74
2025-06-10 16:00:00,8,0.622,wind,23.84,38.04
2025-05-16 18:00:00,118,1.18,grid,20.17,45.62
2025-05-17 13:00:00,82,0.725,grid,24.76,36.33
2025-05-23 18:00:00,129,8.975,grid,22.14,80.0
2025-05-15 11:00:00,68,18.104,grid,24.0,44.83
2025-05-15 11:00:00,154,70.668,grid,36.55,10.0
2025-05-31 22:00:00,6,11.485,grid,16.17,77.98
2025-05-16 22:00:00,14,16.8,wind,1.61,91.13
2025-05-13 08:00:00,115,15.874,solar,20.81,42.08
2025-05-16 22:00:00,94,8.337,grid,20.35,40.67
2025-05-17 13:00:00,169,19.414,grid,25.81,35.08
2025-05-16 22:00:00,83,10.985,grid,20.35,40.67
2025-05-17 13:00:00,122,17.108,grid,25.56,34.31
2025-05-17 13:00:00,51,44.87,grid,25.81,35.08
2025-05-17 13:00:00,178,0.92,grid,35.14,10.0
2025-05-31 22:00:00,35,3.051,grid,-2.54,93.97
2025-05-30 15:00:00,39,15.111,solar,22.2,47.97
2025-05-17 13:00:00,103,11.74,grid,24.76,36.33
2025-05-17 13:00:00,90,1.029,grid,30.66,46.82
2025-06-07 02:00:00,83,11.265,wind,21.72,50.58
2025-05-16 18:00:00,190,1.279,grid,13.6,63.87
2025-05-23 18:00:00,48,9.215,wind,22.14,80.0
2025-05-13 08:00:00,148,14.194,grid,22.1,45.8
2025-05-31 22:00:00,145,8.854,grid,22.35,43.35
2025-05-15 11:00:00,159,16.909,grid,24.0,44.83
2025-05-16 18:00:00,66,19.918,grid,28.22,42.6
2025-05-16 18:00:00,18,25.357,grid,13.92,62.21
2025-06-10 16:00:00,115,24.82,wind,17.24,52.38
2025-06-07 02:00:00,4,107.831,wind,9.62,74.47
2025-05-16 22:00:00,72,9.108,grid,20.35,40.67
2025-05-13 08:00:00,10,45.822,grid,20.81,42.08
2025-05-30 15:00:00,194,0.806,grid,30.8,50.99
2025-05-23 18:00:00,121,1.46,grid,22.14,80.0
2025-05-23 18:00:00,88,15.546,grid,20.25,59.28
2025-05-15 11:00:00,136,0.986,solar,28.46,58.13
2025-06-10 16:00:00,189,21.329,wind,17.24,52.38
2025-05-16 22:00:00,110,9.331,grid,19.28,75.61
2025-05-23 18:00:00,116,11.841,grid,17.22,59.67
2025-05-15 11:00:00,179,0.644,grid,24.0,44.83
2025-06-07 02:00:00,196,21.337,wind,1.68,79.7
2025-06-10 16:00:00,50,0.576,wind,16.88,41.07
2025-06-07 02:00:00,34,16.617,wind,16.94,59.14
2025-06-07 02:00:00,119,64.616,wind,16.94,59.14
2025-06-07 02:00:00,3,1.549,wind,16.94,59.14
2025-05-31 22:00:00,122,23.308,solar,-2.54,93.97
2025-06-10 16:00:00,140,13.287,wind,17.24,52.38
2025-05-13 08:00:00,183,16.1,grid,26.2,63.3
2025-05-23 18:00:00,95,1.237,grid,17.22,59.67
2025-06-10 16:00:00,17,0.629,wind,23.84,38.04
2025-05-17 13:00:00,141,19.98,grid,24.76,36.33
2025-05-31 22:00:00,120,1.907,grid,16.17,77.98
2025-05-16 22:00:00,126,10.48,grid,20.35,40.67
2025-05-16 22:00:00,162,56.364,grid,20.35,40.67
2025-05-16 18:00:00,92,15.456,grid,13.92,62.21
2025-05-15 11:00:00,50,0.481,grid,24.0,44.83
2025-05-16 22:00:00,96,12.42,grid,12.81,62.46
2025-05-31 22:00:00,110,11.629,grid,16.17,77.98
2025-05-16 18:00:00,104,68.14,grid,13.6,63.87
2025-05-31 22:00:00,59,2.101,solar,11.49,64.4
2025-05-13 08:00:00,76,48.717,grid,22.1,45.8
2025-05-31 22:00:00,66,15.648,grid,22.35,43.35
2025-05-17 13:00:00,24,15.984,grid,24.76,36.33
2025-05-16 18:00:00,74,1.673,grid,28.22,42.6
2025-06-07 02:00:00,199,100.623,wind,1.68,79.7
2025-05-16 18:00:00,164,1.141,grid,28.22,42.6
2025-05-30 15:00:00,116,16.157,grid,22.05,51.32
2025-06-10 16:00:00,147,17.894,solar,33.19,22.28
2025-05-17 13:00:00,143,54.881,grid,35.14,10.0
2025-05-31 22:00:00,163,21.345,grid,8.94,79.92
2025-05-17 13:00:00,94,23.407,grid,35.14,10.0
2025-06-10 16:00:00,121,0.823,wind,25.39,57.04
2025-05-23 18:00:00,107,1.712,grid,28.69,31.74
2025-06-07 02:00:00,11,64.148,wind,16.94,59.14
2025-05-16 18:00:00,155,20.481,grid,13.92,62.21
2025-06-07 02:00:00,57,13.854,wind,15.74,78.83
2025-05-31 22:00:00,117,21.744,grid,-2.54,93.97
2025-05-17 13:00:00,118,0.508,grid,25.81,35.08
2025-05-13 08:00:00,90,1.458,grid,26.2,63.3
2025-05-31 22:00:00,95,1.951,grid,8.94,79.92
2025-06-07 02:00:00,105,15.867,wind,16.94,59.14
2025-05-16 18:00:00,136,1.736,wind,20.57,76.91
2025-05-31 22:00:00,178,1.418,grid,22.35,43.35
2025-05-30 15:00:00,145,25.966,grid,34.87,19.49
2025-05-17 13:00:00,89,63.129,grid,35.14,10.0
2025-05-16 18:00:00,168,19.163,grid,13.92,62.21
2025-05-13 08:00:00,86,1.081,solar,22.1,45.8
2025-05-17 13:00:00,74,0.799,grid,35.14,10.0
2025-05-31 22:00:00,72,8.909,grid,22.35,43.35
2025-05-17 13:00:00,46,42.025,grid,25.81,35.08
2025-05-17 13:00:00,27,47.916,grid,25.56,34.31
2025-05-23 18:00:00,8,1.472,grid,20.25,59.28
2025-05-31 22:00:00,166,21.493,grid,11.49,64.4
2025-05-17 13:00:00,45,18.739,grid,25.56,34.31
2025-05-23 18:00:00,40,12.93,grid,22.14,80.0
2025-05-30 15:00:00,18,18.676,grid,22.72,42.08
2025-05-16 18:00:00,105,14.873,grid,20.17,45.62
2025-05-23 18:00:00,174,16.548,grid,20.25,59.28
2025-05-15 11:00:00,141,17.682,grid,22.98,41.04
2025-05-13 08:00:00,139,66.789,grid,30.33,19.91
2025-05-23 18:00:00,60,55.374,grid,22.14,80.0
2025-05-15 11:00:00,7,21.5,grid,22.98,41.04
2025-05-30 15:00:00,130,15.737,grid,22.2,47.97
2025-05-16 18:00:00,88,15.208,grid,20.17,45.62
2025-06-10 16:00:00,149,57.642,solar,17.24,52.38
2025-06-07 02:00:00,188,77.824,solar,15.74,78.83
2025-06-07 02:00:00,28,11.577,wind,16.94,59.14
2025-05-30 15:00:00,4,55.758,grid,22.05,51.32
2025-05-23 18:00:00,198,19.949,wind,20.25,59.28
2025-05-16 18:00:00,67,29.619,solar,13.92,62.21
2025-05-16 22:00:00,196,21.76,grid,1.61,91.13
2025-05-17 13:00:00,145,21.622,grid,35.14,10.0
2025-05-31 22:00:00,98,50.269,wind,22.35,43.35
2025-05-15 11:00:00,158,0.814,grid,28.46,58.13
2025-06-07 02:00:00,74,1.501,grid,21.72,50.58
2025-05-15 11:00:00,20,10.868,wind,22.98,41.04
2025-06-10 16:00:00,92,11.213,wind,16.88,41.07
2025-05-30 15:00:00,46,46.964,solar,22.2,47.97
2025-05-23 18:00:00,68,17.838,grid,11.54,72.89
2025-05-13 08:00:00,77,21.983,grid,30.33,19.91
2025-05-31 22:00:00,181,17.235,grid,16.17,77.98
2025-05-16 18:00:00,161,11.433,grid,13.6,63.87
2025-06-07 02:00:00,73,120.461,wind,1.68,79.7
2025-05-16 18:00:00,42,29.497,wind,13.92,62.21
2025-06-07 02:00:00,110,12.365,wind,15.74,78.83
2025-05-23 18:00:00,83,27.631,grid,28.69,31.74
2025-06-10 16:00:00,164,0.711,grid,33.19,22.28
2025-05-30 15:00:00,62,61.187,grid,30.8,50.99
2025-05-17 13:00:00,12,0.925,grid,30.66,46.82
2025-05-31 22:00:00,42,23.04,grid,-2.54,93.97
2025-05-13 08:00:00,192,72.142,grid,16.53,48.87
2025-06-10 16:00:00,97,19.856,wind,16.88,41.07
2025-05-17 13:00:00,61,17.436,wind,24.76,36.33
2025-06-07 02:00:00,192,130.592,solar,1.68,79.7
2025-06-10 16:00:00,9,61.165,solar,33.19,22.28
2025-06-07 02:00:00,85,81.553,wind,9.62,74.47
2025-06-10 16:00:00,152,25.61,solar,33.19,22.28
2025-05-31 22:00:00,192,153.448,grid,-2.54,93.97
2025-05-16 22:00:00,76,67.144,grid,12.81,62.46
2025-06-07 02:00:00,50,2.287,grid,1.68,79.7
2025-05-30 15:00:00,128,14.905,grid,22.2,47.97
2025-05-23 18:00:00,133,14.364,solar,22.14,80.0
2025-05-15 11:00:00,2,0.63,grid,24.0,44.83
2025-05-30 15:00:00,40,21.268,grid,30.8,50.99
2025-05-17 13:00:00,29,0.568,grid,24.76,36.33
2025-05-30 15:00:00,107,1.075,grid,34.87,19.49
2025-05-15 11:00:00,120,1.037,grid,28.46,58.13
2025-05-17 13:00:00,175,18.255,grid,24.76,36.33
2025-05-13 08:00:00,70,13.227,grid,20.81,42.08
2025-05-16 18:00:00,176,1.323,grid,28.22,42.6
2025-05-23 18:00:00,188,50.673,grid,22.14,80.0
2025-06-10 16:00:00,69,10.039,grid,23.84,38.04
2025-05-15 11:00:00,86,0.558,grid,23.29,46.43
2025-06-10 16:00:00,16,12.428,wind,16.88,41.07
2025-05-23 18:00:00,90,1.388,grid,22.14,80.0
2025-05-23 18:00:00,158,1.378,grid,22.14,80.0
2025-05-31 22:00:00,26,118.743,grid,-2.54,93.97
2025-05-23 18:00:00,34,13.627,grid,20.25,59.28
2025-06-10 16:00:00,188,56.365,wind,25.39,57.04
2025-06-10 16:00:00,104,53.578,solar,17.24,52.38
2025-05-23 18:00:00,52,13.473,grid,28.69,31.74
2025-06-07 02:00:00,135,53.937,wind,15.74,78.83
2025-05-23 18:00:00,102,21.68,solar,20.25,59.28
2025-06-07 02:00:00,77,8.598,wind,21.72,50.58
2025-05-30 15:00:00,175,18.885,grid,22.05,51.32
2025-05-15 11:00:00,77,28.231,grid,36.55,10.0
2025-05-30 15:00:00,125,19.483,grid,22.05,51.32
2025-05-16 22:00:00,121,1.425,grid,19.28,75.61
2025-05-31 22:00:00,147,8.439,solar,22.35,43.35
2025-05-16 22:00:00,199,104.099,grid,1.61,91.13
2025-05-15 11:00:00,53,21.746,grid,36.55,10.0
2025-05-16 18:00:00,3,1.373,grid,20.17,45.62
2025-05-30 15:00:00,36,17.38,grid,22.72,42.08
2025-05-31 22:00:00,128,13.502,grid,11.49,64.4
2025-05-16 18:00:00,132,19.447,solar,20.57,76.91
2025-05-16 18:00:00,169,7.562,grid,20.17,45.62
2025-05-13 08:00:00,35,1.655,grid,16.53,48.87
2025-05-15 11:00:00,44,16.358,solar,24.0,44.83
2025-05-16 22:00:00,48,10.341,grid,19.28,75.61
2025-05-31 22:00:00,22,25.967,grid,-2.54,93.97
2025-05-15 11:00:00,92,18.318,grid,24.0,44.83
2025-05-31 22:00:00,123,15.34,grid,11.49,64.4
2025-05-30 15:00:00,160,16.228,grid,22.72,42.08
2025-05-15 11:00:00,102,17.331,grid,23.29,46.43
2025-06-10 16:00:00,195,15.759,wind,17.24,52.38
2025-05-16 22:00:00,10,127.247,grid,1.74,78.95
2025-06-07 02:00:00,101,12.707,wind,9.62,74.47
2025-05-13 08:00:00,108,50.871,grid,30.33,19.91
2025-05-16 18:00:00,110,8.814,grid,20.57,76.91
2025-05-17 13:00:00,192,55.912,grid,25.56,34.31
2025-06-07 02:00:00,131,1.595,wind,9.62,74.47
2025-05-30 15:00:00,70,11.396,solar,22.05,51.32
2025-05-31 22:00:00,183,17.73,grid,16.17,77.98
2025-05-30 15:00:00,100,17.731,wind,22.2,47.97
2025-05-16 22:00:00,16,32.101,grid,1.61,91.13
2025-06-10 16:00:00,110,9.233,wind,25.39,57.04
2025-06-07 02:00:00,172,79.198,wind,9.62,74.47
2025-05-31 22:00:00,200,56.172,grid,16.17,77.98
2025-06-10 16:00:00,79,21.333,solar,25.39,57.04
2025-05-13 08:00:00,59,0.986,grid,22.1,45.8
2025-05-16 22:00:00,71,1.071,grid,20.35,40.67
2025-05-16 18:00:00,122,10.612,grid,13.92,62.21
2025-05-23 18:00:00,130,8.506,grid,20.25,59.28
2025-05-23 18:00:00,167,1.824,grid,17.22,59.67
2025-05-13 08:00:00,127,1.046,grid,20.81,42.08
2025-05-31 22:00:00,49,1.873,grid,16.17,77.98
2025-06-10 16:00:00,56,58.837,wind,23.84,38.04
2025-05-15 11:00:00,115,14.881,grid,22.98,41.04
2025-06-10 16:00:00,112,8.957,solar,17.24,52.38
2025-05-15 11:00:00,81,0.644,grid,24.0,44.83
2025-05-16 18:00:00,52,16.782,solar,28.22,42.6
2025-05-16 22:00:00,64,93.954,grid,1.61,91.13
2025-05-15 11:00:00,193,0.917,grid,36.55,10.0
2025-05-31 22:00:00,179,3.365,wind,-2.54,93.97
2025-05-23 18:00:00,155,24.4,grid,11.54,72.89
2025-05-13 08:00:00,116,19.753,grid,20.81,42.08
2025-05-13 08:00:00,80,11.451,grid,20.81,42.08
2025-05-30 15:00:00,12,0.844,grid,30.8,50.99
2025-05-13 08:00:00,75,9.089,grid,22.1,45.8
2025-05-13 08:00:00,170,12.183,solar,30.33,19.91
2025-05-15 11:00:00,109,0.805,grid,28.46,58.13
2025-05-13 08:00:00,84,14.857,grid,20.81,42.08
2025-06-10 16:00:00,12,0.648,grid,25.39,57.04
2025-05-30 15:00:00,66,17.168,grid,34.87,19.49
2025-05-31 22:00:00,191,9.251,solar,22.35,43.35
2025-05-23 18:00:00,64,77.449,grid,11.54,72.89
2025-06-10 16:00:00,37,0.924,solar,33.19,22.28
2025-06-07 02:00:00,27,101.989,wind,1.68,79.7
2025-05-23 18:00:00,66,15.839,grid,28.69,31.74
2025-05-23 18:00:00,94,8.592,grid,28.69,31.74
2025-05-16 18:00:00,83,28.113,solar,28.22,42.6
2025-05-30 15:00:00,87,62.447,grid,30.8,50.99
2025-05-30 15:00:00,5,46.444,wind,22.05,51.32
2025-05-16 22:00:00,138,11.523,grid,12.81,62.46
2025-06-07 02:00:00,171,49.017,solar,21.72,50.58
2025-05-15 11:00:00,100,17.036,solar,23.29,46.43
2025-05-30 15:00:00,88,13.929,grid,22.2,47.97
2025-05-16 22:00:00,78,14.043,grid,20.35,40.67
2025-06-10 16:00:00,122,8.874,wind,16.88,41.07
2025-06-10 16:00:00,200,54.809,wind,25.39,57.04
2025-05-17 13:00:00,1,19.451,grid,24.76,36.33
2025-05-16 22:00:00,101,16.155,grid,1.74,78.95
2025-05-16 22:00:00,173,18.89,solar,1.61,91.13
2025-05-16 22:00:00,27,104.055,grid,1.61,91.13
2025-06-10 16:00:00,157,13.776,wind,23.84,38.04
2025-05-13 08:00:00,184,16.567,grid,20.81,42.08
2025-05-16 22:00:00,45,19.163,grid,1.61,91.13
2025-05-16 18:00:00,101,20.461,grid,13.6,63.87
2025-05-31 22:00:00,108,48.831,wind,22.35,43.35
2025-05-31 22:00:00,84,17.112,grid,8.94,79.92
2025-05-13 08:00:00,180,74.741,solar,16.53,48.87
2025-05-17 13:00:00,31,19.853,grid,25.81,35.08
2025-05-23 18:00:00,137,12.657,grid,20.25,59.28
2025-05-31 22:00:00,156,17.339,wind,11.49,64.4
2025-05-16 22:00:00,32,17.992,grid,19.28,75.61
2025-06-10 16:00:00,15,7.007,wind,23.84,38.04
2025-06-07 02:00:00,115,16.579,wind,9.62,74.47
2025-05-16 22:00:00,122,19.773,grid,1.61,91.13
2025-05-17 13:00:00,58,15.686,grid,24.76,36.33
2025-05-13 08:00:00,6,19.417,grid,26.2,63.3
2025-05-16 18:00:00,156,10.975,grid,20.17,45.62
2025-05-30 15:00:00,73,48.839,grid,22.72,42.08
2025-05-16 22:00:00,84,16.412,grid,1.74,78.95
2025-05-31 22:00:00,138,13.123,solar,11.49,64.4
2025-05-23 18:00:00,112,10.196,grid,17.22,59.67
2025-05-30 15:00:00,117,18.673,grid,22.72,42.08
2025-05-13 08:00:00,48,20.504,grid,26.2,63.3
2025-05-15 11:00:00,98,60.432,solar,36.55,10.0
2025-05-16 22:00:00,66,14.066,grid,20.35,40.67
2025-06-10 16:00:00,40,17.381,wind,25.39,57.04
2025-05-15 11:00:00,52,17.839,grid,36.55,10.0
2025-05-13 08:00:00,33,18.284,grid,26.2,63.3
2025-06-10 16:00:00,2,0.631,solar,16.88,41.07
2025-05-17 13:00:00,69,17.982,grid,25.81,35.08
2025-05-23 18:00:00,4,64.754,solar,17.22,59.67
2025-05-16 18:00:00,91,1.653,grid,28.22,42.6
2025-06-07 02:00:00,178,1.293,wind,21.72,50.58
2025-05-31 22:00:00,83,9.194,grid,22.35,43.35
2025-05-16 22:00:00,186,3.239,grid,1.61,91.13
2025-05-31 22:00:00,41,1.312,solar,22.35,43.35
2025-05-13 08:00:00,93,20.784,grid,16.53,48.87
2025-05-31 22:00:00,54,9.299,grid,22.35,43.35
2025-06-07 02:00:00,76,74.681,wind,16.94,59.14
2025-05-17 13:00:00,191,25.489,grid,35.14,10.0
2025-05-16 18:00:00,107,1.936,grid,28.22,42.6
2025-06-10 16:00:00,120,0.848,solar,25.39,57.04
2025-05-23 18:00:00,25,64.387,grid,17.22,59.67
2025-05-30 15:00:00,142,29.589,grid,34.87,19.49
2025-05-31 22:00:00,113,20.824,wind,-2.54,93.97
2025-05-17 13:00:00,79,21.646,grid,30.66,46.82
2025-05-16 18:00:00,175,23.491,grid,13.6,63.87
2025-06-10 16:00:00,49,0.809,wind,25.39,57.04
2025-05-17 13:00:00,16,13.381,grid,25.56,34.31
2025-05-15 11:00:00,97,20.57,grid,24.0,44.83
2025-05-16 22:00:00,86,1.774,grid,12.81,62.46
2025-05-15 11:00:00,132,27.557,grid,28.46,58.13
2025-05-23 18:00:00,63,54.471,grid,22.14,80.0
2025-05-23 18:00:00,69,10.625,grid,20.25,59.28
2025-05-15 11:00:00,157,17.565,grid,23.29,46.43
2025-06-10 16:00:00,57,18.69,solar,25.39,57.04
2025-06-07 02:00:00,191,7.798,solar,21.72,50.58
2025-05-31 22:00:00,2,3.07,solar,-2.54,93.97
2025-05-31 22:00:00,13,76.053,grid,16.17,77.98
2025-05-30 15:00:00,135,51.938,grid,30.8,50.99
2025-06-10 16:00:00,128,9.351,wind,23.84,38.04
2025-06-07 02:00:00,197,2.417,wind,1.68,79.7
2025-05-31 22:00:00,93,18.995,grid,-2.54,93.97
2025-05-13 08:00:00,99,51.709,grid,22.1,45.8
2025-05-17 13:00:00,197,0.639,grid,25.56,34.31
2025-05-13 08:00:00,20,11.253,wind,20.81,42.08
2025-06-10 16:00:00,114,13.518,wind,25.39,57.04
2025-05-16 18:00:00,100,18.049,grid,20.17,45.62
2025-05-23 18:00:00,196,33.915,grid,11.54,72.89
2025-05-30 15:00:00,166,12.723,solar,22.2,47.97
2025-05-30 15:00:00,61,17.826,grid,22.05,51.32
2025-05-13 08:00:00,19,16.978,grid,20.81,42.08
2025-05-15 11:00:00,31,16.683,grid,23.29,46.43
2025-05-30 15:00:00,50,0.519,grid,22.72,42.08
2025-05-13 08:00:00,173,23.542,solar,16.53,48.87
2025-06-10 16:00:00,171,56.933,solar,33.19,22.28
2025-05-31 22:00:00,189,13.827,grid,8.94,79.92
2025-05-15 11:00:00,200,57.807,grid,28.46,58.13
2025-05-31 22:00:00,52,13.293,solar,22.35,43.35
2025-05-17 13:00:00,199,49.968,grid,25.56,34.31
2025-06-10 16:00:00,107,1.012,solar,33.19,22.28
2025-05-30 15:00:00,48,27.607,solar,30.8,50.99
2025-05-31 22:00:00,16,31.567,grid,-2.54,93.97
2025-05-16 22:00:00,125,23.937,solar,1.74,78.95
2025-05-23 18:00:00,120,1.576,grid,22.14,80.0
2025-05-30 15:00:00,2,0.526,grid,22.72,42.08
2025-05-23 18:00:00,154,50.023,solar,28.69,31.74
2025-05-16 18:00:00,108,64.388,grid,28.22,42.6
2025-05-15 11:00:00,198,19.204,grid,23.29,46.43
2025-05-30 15:00:00,55,0.652,solar,22.72,42.08
2025-06-10 16:00:00,154,69.497,solar,33.19,22.28
2025-06-07 02:00:00,66,15.652,solar,21.72,50.58
2025-05-23 18:00:00,163,24.638,grid,17.22,59.67
2025-06-10 16:00:00,102,19.275,wind,23.84,38.04
2025-05-16 18:00:00,167,2.059,wind,13.6,63.87
2025-05-17 13:00:00,151,25.062,grid,35.14,10.0
2025-06-10 16:00:00,96,15.871,wind,23.84,38.04
2025-05-15 11:00:00,189,16.977,grid,22.98,41.04
2025-05-16 22:00:00,29,2.352,grid,1.74,78.95
2025-05-31 22:00:00,80,16.822,grid,8.94,79.92
2025-05-30 15:00:00,163,18.072,grid,22.05,51.32
2025-05-23 18:00:00,23,60.513,grid,22.14,80.0
2025-05-30 15:00:00,3,0.678,grid,22.2,47.97
2025-05-13 08:00:00,178,1.516,grid,30.33,19.91
2025-05-31 22:00:00,44,23.543,solar,-2.54,93.97
2025-06-07 02:00:00,195,25.368,wind,9.62,74.47
2025-06-07 02:00:00,139,45.222,wind,21.72,50.58
2025-06-10 16:00:00,23,56.975,solar,25.39,57.04
2025-05-31 22:00:00,4,89.972,grid,8.94,79.92
2025-06-10 16:00:00,75,8.98,wind,23.84,38.04
2025-05-23 18:00:00,105,12.303,solar,20.25,59.28
2025-06-07 02:00:00,140,17.175,solar,9.62,74.47
2025-06-10 16:00:00,47,0.666,wind,16.88,41.07
2025-05-16 18:00:00,170,16.717,grid,28.22,42.6
2025-05-31 22:00:00,197,2.997,grid,-2.54,93.97
2025-05-31 22:00:00,69,12.791,solar,11.49,64.4
2025-05-16 22:00:00,185,2.507,grid,1.61,91.13
2025-06-10 16:00:00,64,48.05,solar,16.88,41.07
2025-05-16 18:00:00,172,61.622,grid,13.6,63.87
2025-06-07 02:00:00,122,18.973,wind,1.68,79.7
2025-06-07 02:00:00,116,15.492,solar,9.62,74.47
2025-05-23 18:00:00,142,12.27,grid,28.69,31.74
2025-05-31 22:00:00,153,70.909,wind,16.17,77.98
2025-05-23 18:00:00,166,16.132,grid,20.25,59.28
2025-05-13 08:00:00,131,1.029,grid,20.81,42.08
2025-05-16 18:00:00,183,15.53,grid,20.57,76.91
2025-05-13 08:00:00,81,1.566,grid,16.53,48.87
2025-05-16 22:00:00,161,18.018,solar,1.74,78.95
2025-05-13 08:00:00,17,1.016,solar,22.1,45.8
2025-05-30 15:00:00,96,16.618,grid,22.2,47.97
2025-05-30 15:00:00,119,47.569,grid,22.2,47.97
2025-05-15 11:00:00,83,27.149,grid,36.55,10.0
2025-05-15 11:00:00,169,15.903,grid,23.29,46.43
2025-05-31 22:00:00,88,19.825,solar,11.49,64.4
2025-05-16 22:00:00,92,24.489,grid,1.61,91.13
2025-05-16 18:00:00,16,16.332,grid,13.92,62.21
2025-05-13 08:00:00,188,63.566,grid,26.2,63.3
2025-05-30 15:00:00,178,1.058,grid,34.87,19.49
2025-06-10 16:00:00,51,51.509,solar,23.84,38.04
2025-05-23 18:00:00,114,12.431,grid,22.14,80.0
2025-05-13 08:00:00,126,27.893,grid,30.33,19.91
2025-05-16 22:00:00,169,12.931,grid,12.81,62.46
2025-05-16 22:00:00,11,59.539,grid,12.81,62.46
2025-05-23 18:00:00,145,21.106,grid,28.69,31.74
2025-05-16 22:00:00,145,10.263,grid,20.35,40.67
2025-05-30 15:00:00,59,0.674,grid,22.2,47.97
2025-06-07 02:00:00,177,30.904,wind,1.68,79.7
2025-05-16 22:00:00,115,20.428,grid,1.74,78.95
2025-05-16 22:00:00,6,12.538,grid,19.28,75.61
2025-05-15 11:00:00,16,14.563,wind,24.0,44.83
2025-05-16 22:00:00,41,1.115,grid,20.35,40.67
2025-05-16 18:00:00,195,22.271,solar,13.6,63.87
2025-05-31 22:00:00,21,134.129,solar,-2.54,93.97
2025-05-17 13:00:00,190,0.508,grid,24.76,36.33
2025-05-16 18:00:00,113,11.873,grid,13.92,62.21
2025-05-13 08:00:00,190,1.041,grid,20.81,42.08
2025-06-07 02:00:00,1,15.133,grid,9.62,74.47
2025-05-17 13:00:00,102,17.53,grid,25.81,35.08
2025-05-30 15:00:00,191,24.474,grid,34.87,19.49
2025-05-13 08:00:00,107,1.486,wind,30.33,19.91
2025-05-16 18:00:00,46,42.891,grid,20.17,45.62
2025-05-16 22:00:00,26,113.762,wind,1.61,91.13
2025-05-31 22:00:00,133,14.851,grid,16.17,77.98
2025-05-30 15:00:00,90,1.051,grid,30.8,50.99
2025-05-16 22:00:00,174,19.776,wind,12.81,62.46
2025-05-13 08:00:00,89,48.141,grid,30.33,19.91
2025-05-23 18:00:00,160,34.458,wind,11.54,72.89
2025-06-07 02:00:00,189,16.489,wind,9.62,74.47
2025-05-16 22:00:00,63,59.719,grid,19.28,75.61
2025-05-23 18:00:00,35,2.09,grid,11.54,72.89
2025-05-16 18:00:00,171,50.854,grid,28.22,42.6
2025-05-16 18:00:00,27,55.759,grid,13.92,62.21
2025-05-17 13:00:00,164,0.837,grid,35.14,10.0
2025-05-15 11:00:00,133,14.189,wind,28.46,58.13
2025-06-07 02:00:00,144,13.128,wind,16.94,59.14
2025-05-13 08:00:00,16,16.345,solar,16.53,48.87
2025-05-16 18:00:00,48,11.768,wind,20.57,76.91
2025-05-13 08:00:00,65,19.588,solar,20.81,42.08
2025-05-16 18:00:00,199,75.487,wind,13.92,62.21
2025-05-16 18:00:00,189,24.969,grid,13.6,63.87
2025-05-13 08:00:00,56,48.755,grid,22.1,45.8
2025-06-10 16:00:00,178,0.99,solar,33.19,22.28
2025-06-07 02:00:00,93,19.839,wind,1.68,79.7
2025-06-07 02:00:00,49,1.716,wind,15.74,78.83
2025-05-15 11:00:00,182,14.457,grid,22.98,41.04
2025-05-15 11:00:00,118,0.548,grid,23.29,46.43
2025-05-30 15:00:00,15,15.288,grid,22.2,47.97
2025-05-17 13:00:00,171,59.272,grid,35.14,10.0
2025-06-07 02:00:00,193,1.247,wind,21.72,50.58
2025-05-16 18:00:00,41,1.488,solar,28.22,42.6
2025-05-17 13:00:00,96,16.71,grid,25.81,35.08
2025-05-31 22:00:00,188,57.392,grid,16.17,77.98
2025-06-10 16:00:00,66,17.676,solar,33.19,22.28
2025-05-16 18:00:00,138,18.091,grid,20.17,45.62
2025-05-16 22:00:00,47,2.706,grid,1.61,91.13
2025-06-10 16:00:00,135,58.364,wind,25.39,57.04
2025-05-30 15:00:00,19,15.137,grid,22.05,51.32
2025-05-31 22:00:00,115,14.519,grid,8.94,79.92
2025-05-17 13:00:00,123,21.029,grid,25.81,35.08
2025-06-07 02:00:00,61,13.953,wind,9.62,74.47
2025-05-16 22:00:00,15,9.314,grid,12.81,62.46
2025-05-15 11:00:00,76,47.718,grid,23.29,46.43
2025-05-17 13:00:00,154,66.943,grid,35.14,10.0
2025-05-15 11:00:00,99,41.416,grid,23.29,46.43
2025-05-31 22:00:00,20,18.176,grid,8.94,79.92
2025-05-16 22:00:00,164,1.233,wind,20.35,40.67
2025-05-16 22:00:00,89,51.767,wind,20.35,40.67
2025-06-10 16:00:00,28,16.608,wind,23.84,38.04
2025-05-16 22:00:00,30,19.621,grid,1.61,91.13
2025-05-16 22:00:00,183,12.51,grid,19.28,75.61
2025-05-13 08:00:00,41,1.462,grid,30.33,19.91
2025-05-16 18:00:00,13,49.78,grid,20.57,76.91
2025-05-31 22:00:00,121,1.55,grid,16.17,77.98
2025-05-16 18:00:00,21,76.656,solar,13.92,62.21
2025-05-16 18:00:00,147,18.898,grid,28.22,42.6
2025-05-23 18:00:00,84,11.001,solar,17.22,59.67
2025-05-30 15:00:00,25,42.222,solar,22.05,51.32
2025-06-10 16:00:00,144,19.504,wind,23.84,38.04
2025-05-16 22:00:00,176,1.383,grid,20.35,40.67
2025-05-15 11:00:00,191,24.57,grid,36.55,10.0
2025-05-31 22:00:00,171,41.657,grid,22.35,43.35
2025-05-13 08:00:00,189,17.022,grid,20.81,42.08
2025-05-16 22:00:00,116,21.441,wind,1.74,78.95
2025-05-15 11:00:00,167,0.574,grid,22.98,41.04
2025-05-30 15:00:00,143,57.861,grid,34.87,19.49
2025-05-17 13:00:00,39,16.775,grid,25.81,35.08
2025-06-07 02:00:00,176,1.261,grid,21.72,50.58
2025-05-17 13:00:00,86,0.59,grid,25.81,35.08
2025-06-10 16:00:00,159,7.573,grid,16.88,41.07
2025-06-10 16:00:00,22,19.175,wind,16.88,41.07
2025-05-15 11:00:00,65,21.407,grid,22.98,41.04
2025-05-15 11:00:00,1,19.08,grid,22.98,41.04
2025-05-16 18:00:00,12,1.489,grid,20.57,76.91
2025-06-07 02:00:00,70,24.19,grid,9.62,74.47
2025-05-23 18:00:00,192,87.782,grid,11.54,72.89
2025-05-15 11:00:00,96,17.839,grid,23.29,46.43
2025-06-07 02:00:00,165,13.146,wind,21.72,50.58
2025-05-30 15:00:00,164,0.847,grid,34.87,19.49
2025-05-23 18:00:00,189,23.537,grid,17.22,59.67
2025-05-13 08:00:00,142,19.574,solar,30.33,19.91
2025-06-10 16:00:00,141,20.951,solar,17.24,52.38
2025-05-16 22:00:00,154,54.161,grid,20.35,40.67
2025-05-15 11:00:00,130,18.556,solar,23.29,46.43
2025-06-07 02:00:00,181,21.212,wind,15.74,78.83
2025-05-15 11:00:00,45,14.904,grid,24.0,44.83
2025-05-13 08:00:00,153,56.96,grid,26.2,63.3
2025-05-30 15:00:00,114,27.693,grid,30.8,50.99
2025-05-23 18:00:00,172,62.477,solar,17.22,59.67
2025-05-30 15:00:00,126,31.729,grid,34.87,19.49
2025-05-16 22:00:00,187,69.183,grid,19.28,75.61
2025-05-15 11:00:00,164,0.861,grid,36.55,10.0
2025-05-23 18:00:00,170,13.514,grid,28.69,31.74
2025-05-31 22:00:00,140,23.594,grid,8.94,79.92
2025-05-16 22:00:00,67,21.352,grid,1.61,91.13
2025-05-23 18:00:00,184,23.627,grid,17.22,59.67
2025-05-31 22:00:00,126,10.674,solar,22.35,43.35
2025-05-16 22:00:00,178,1.477,grid,20.35,40.67
2025-05-13 08:00:00,171,49.196,grid,30.33,19.91
2025-05-31 22:00:00,32,20.21,grid,16.17,77.98
2025-06-07 02:00:00,65,15.298,wind,9.62,74.47
2025-05-17 13:00:00,144,21.732,grid,25.81,35.08
2025-06-10 16:00:00,148,8.199,wind,23.84,38.04
2025-06-10 16:00:00,71,0.841,solar,33.19,22.28
2025-05-16 18:00:00,139,70.274,wind,28.22,42.6
2025-05-16 18:00:00,129,9.365,grid,20.57,76.91
2025-05-16 18:00:00,98,63.566,grid,28.22,42.6
2025-05-31 22:00:00,63,58.279,grid,16.17,77.98
2025-05-16 18:00:00,64,67.528,grid,13.92,62.21
2025-05-30 15:00:00,131,0.531,grid,22.05,51.32
2025-05-13 08:00:00,141,19.618,grid,20.81,42.08
2025-06-07 02:00:00,141,15.498,wind,9.62,74.47
2025-06-07 02:00:00,125,15.603,wind,9.62,74.47
2025-05-16 18:00:00,196,29.293,grid,13.92,62.21
2025-05-17 13:00:00,126,27.296,solar,35.14,10.0
2025-05-30 15:00:00,150,42.403,grid,22.2,47.97
2025-05-15 11:00:00,138,16.189,grid,23.29,46.43
2025-06-10 16:00:00,153,59.645,solar,25.39,57.04
2025-05-16 22:00:00,167,3.253,grid,1.74,78.95
2025-05-17 13:00:00,136,0.993,grid,30.66,46.82
2025-05-23 18:00:00,193,1.344,grid,28.69,31.74
2025-05-13 08:00:00,191,22.817,wind,30.33,19.91
2025-05-16 22:00:00,165,13.8,grid,20.35,40.67
2025-06-07 02:00:00,185,2.753,wind,1.68,79.7
2025-05-23 18:00:00,80,14.92,grid,17.22,59.67
2025-05-23 18:00:00,65,24.895,grid,17.22,59.67
2025-05-16 18:00:00,102,20.276,grid,20.17,45.62
2025-06-10 16:00:00,184,21.379,wind,17.24,52.38
2025-05-30 15:00:00,56,48.814,grid,22.2,47.97
2025-05-15 11:00:00,69,18.04,grid,23.29,46.43
2025-05-31 22:00:00,58,17.888,grid,8.94,79.92
2025-06-10 16:00:00,111,15.53,solar,23.84,38.04
2025-05-30 15:00:00,127,0.557,grid,22.05,51.32
2025-05-16 18:00:00,173,27.399,grid,13.92,62.21
2025-05-16 22:00:00,119,67.987,wind,12.81,62.46
2025-05-17 13:00:00,53,20.703,grid,35.14,10.0
2025-06-10 16:00:00,106,0.839,wind,25.39,57.04
2025-05-13 08:00:00,55,1.746,grid,16.53,48.87
2025-05-17 13:00:00,120,1.049,grid,30.66,46.82
2025-06-07 02:00:00,168,32.538,wind,1.68,79.7
2025-06-07 02:00:00,75,12.108,wind,16.94,59.14
2025-05-15 11:00:00,186,0.691,grid,24.0,44.83
2025-05-13 08:00:00,144,15.977,grid,22.1,45.8
2025-05-17 13:00:00,49,0.771,grid,30.66,46.82
2025-05-31 22:00:00,176,1.146,solar,22.35,43.35
2025-05-23 18:00:00,10,68.634,grid,17.22,59.67
2025-05-13 08:00:00,103,12.255,grid,20.81,42.08
2025-05-16 22:00:00,57,10.927,grid,19.28,75.61
2025-05-17 13:00:00,127,0.538,grid,24.76,36.33
2025-05-16 18:00:00,75,9.781,grid,20.17,45.62
2025-05-16 22:00:00,87,66.255,grid,19.28,75.61
2025-06-07 02:00:00,160,24.649,wind,1.68,79.7
2025-05-17 13:00:00,172,51.687,grid,24.76,36.33
2025-05-17 13:00:00,149,52.603,grid,24.76,36.33
2025-05-15 11:00:00,90,0.842,wind,28.46,58.13
2025-05-31 22:00:00,158,2.008,grid,16.17,77.98
2025-06-07 02:00:00,104,81.005,wind,9.62,74.47
2025-05-30 15:00:00,21,57.24,grid,22.72,42.08
2025-05-16 18:00:00,40,15.729,grid,20.57,76.91
2025-05-17 13:00:00,80,10.475,solar,24.76,36.33
2025-05-13 08:00:00,88,11.173,grid,22.1,45.8
2025-05-31 22:00:00,40,16.75,grid,16.17,77.98
2025-05-30 15:00:00,77,22.617,grid,34.87,19.49
2025-05-15 11:00:00,185,0.699,grid,24.0,44.83
2025-05-15 11:00:00,125,20.505,grid,22.98,41.04
2025-06-07 02:00:00,103,23.984,wind,9.62,74.47
2025-05-16 18:00:00,180,91.528,grid,13.92,62.21
2025-05-16 18:00:00,65,29.411,grid,13.6,63.87
2025-05-15 11:00:00,190,0.597,grid,22.98,41.04
2025-05-16 18:00:00,62,51.36,grid,20.57,76.91
2025-05-16 18:00:00,177,17.79,grid,13.92,62.21
2025-05-13 08:00:00,97,21.328,solar,16.53,48.87
2025-05-13 08:00:00,158,1.713,grid,26.2,63.3
2025-05-23 18:00:00,73,73.803,solar,11.54,72.89
2025-05-16 22:00:00,69,13.737,grid,12.81,62.46
2025-06-07 02:00:00,10,87.289,solar,9.62,74.47
2025-05-17 13:00:00,81,0.566,grid,25.56,34.31
2025-05-15 11:00:00,176,1.038,grid,36.55,10.0
2025-05-31 22:00:00,160,28.141,grid,-2.54,93.97
2025-05-30 15:00:00,41,0.899,grid,34.87,19.49
2025-05-16 18:00:00,51,54.161,grid,20.17,45.62
2025-05-15 11:00:00,108,55.618,grid,36.55,10.0
2025-05-30 15:00:00,106,1.014,grid,30.8,50.99
2025-06-10 16:00:00,93,8.848,wind,16.88,41.07
2025-06-10 16:00:00,78,15.044,solar,33.19,22.28
2025-05-13 08:00:00,21,66.357,grid,16.53,48.87
2025-05-17 13:00:00,14,15.428,grid,25.56,34.31
2025-05-15 11:00:00,106,0.91,wind,28.46,58.13
2025-05-13 08:00:00,5,48.004,solar,20.81,42.08
2025-05-31 22:00:00,102,12.045,grid,11.49,64.4
2025-05-13 08:00:00,24,16.219,grid,20.81,42.08
2025-05-16 22:00:00,152,9.772,grid,20.35,40.67
2025-05-30 15:00:00,180,58.842,grid,22.72,42.08
2025-06-07 02:00:00,38,0.816,wind,21.72,50.58
2025-06-07 02:00:00,29,1.919,wind,9.62,74.47
2025-06-07 02:00:00,42,19.767,wind,1.68,79.7
2025-06-07 02:00:00,170,13.616,wind,21.72,50.58
2025-05-15 11:00:00,40,17.384,grid,28.46,58.13
2025-05-16 18:00:00,60,65.976,grid,20.57,76.91
2025-05-16 18:00:00,153,53.968,grid,20.57,76.91
2025-05-16 18:00:00,117,25.697,wind,13.92,62.21
2025-05-30 15:00:00,109,0.834,grid,30.8,50.99
2025-05-23 18:00:00,150,47.879,grid,20.25,59.28
2025-05-31 22:00:00,65,19.447,grid,8.94,79.92
2025-05-16 18:00:00,116,12.36,grid,13.6,63.87
2025-05-31 22:00:00,137,17.667,grid,11.49,64.4
2025-05-13 08:00:00,53,20.886,solar,30.33,19.91
2025-05-16 18:00:00,187,62.64,grid,20.57,76.91
2025-05-17 13:00:00,7,23.811,grid,24.76,36.33
2025-05-30 15:00:00,184,19.754,grid,22.05,51.32
2025-05-17 13:00:00,2,0.605,grid,25.56,34.31
2025-05-13 08:00:00,119,45.866,grid,22.1,45.8
2025-05-17 13:00:00,107,0.948,grid,35.14,10.0
2025-05-16 18:00:00,50,1.245,grid,13.92,62.21
2025-06-10 16:00:00,38,0.592,wind,33.19,22.28
2025-05-31 22:00:00,19,15.015,solar,8.94,79.92
2025-05-16 22:00:00,77,9.282,grid,20.35,40.67
2025-05-30 15:00:00,22,15.709,grid,22.72,42.08
2025-05-15 11:00:00,80,10.688,grid,22.98,41.04
2025-05-30 15:00:00,108,67.502,grid,34.87,19.49
2025-06-07 02:00:00,88,19.574,wind,16.94,59.14
2025-05-31 22:00:00,34,18.019,solar,11.49,64.4
2025-05-16 18:00:00,178,1.604,grid,28.22,42.6
2025-06-10 16:00:00,72,29.645,solar,33.19,22.28
2025-06-07 02:00:00,175,14.479,wind,9.62,74.47
2025-05-23 18:00:00,30,33.336,grid,11.54,72.89
2025-05-23 18:00:00,173,32.704,grid,11.54,72.89
2025-05-30 15:00:00,102,16.03,grid,22.2,47.97
2025-05-23 18:00:00,128,9.249,wind,20.25,59.28
2025-05-13 08:00:00,176,1.703,grid,30.33,19.91
2025-05-23 18:00:00,149,58.547,wind,17.22,59.67
2025-05-23 18:00:00,46,52.676,grid,20.25,59.28
2025-05-30 15:00:00,200,63.093,grid,30.8,50.99
2025-05-23 18:00:00,82,1.531,grid,17.22,59.67
2025-05-30 15:00:00,189,16.696,grid,22.05,51.32
2025-06-10 16:00:00,27,42.194,wind,16.88,41.07
2025-05-23 18:00:00,100,18.896,grid,20.25,59.28
2025-05-15 11:00:00,21,53.834,grid,24.0,44.83
2025-05-15 11:00:00,17,0.66,grid,23.29,46.43
2025-06-10 16:00:00,158,0.666,wind,25.39,57.04
2025-06-10 16:00:00,73,53.046,wind,16.88,41.07
2025-05-15 11:00:00,41,0.809,grid,36.55,10.0
2025-05-16 18:00:00,71,1.329,grid,28.22,42.6
2025-05-13 08:00:00,151,21.592,solar,30.33,19.91
2025-05-23 18:00:00,185,1.635,grid,11.54,72.89
2025-05-23 18:00:00,180,112.508,grid,11.54,72.89
2025-06-10 16:00:00,113,10.923,wind,16.88,41.07
2025-05-23 18:00:00,57,19.278,grid,22.14,80.0
2025-05-16 22:00:00,142,8.914,grid,20.35,40.67
2025-05-15 11:00:00,103,12.801,grid,22.98,41.04
2025-05-23 18:00:00,103,15.661,grid,17.22,59.67
2025-05-15 11:00:00,142,24.464,grid,36.55,10.0
2025-05-23 18:00:00,190,1.303,grid,17.22,59.67
2025-05-23 18:00:00,159,11.499,grid,11.54,72.89
2025-05-17 13:00:00,111,13.933,grid,25.81,35.08
2025-05-23 18:00:00,21,103.322,solar,11.54,72.89
2025-05-17 13:00:00,4,53.198,grid,24.76,36.33
2025-05-23 18:00:00,78,17.033,solar,28.69,31.74
2025-06-07 02:00:00,51,67.8,grid,16.94,59.14
2025-05-15 11:00:00,146,22.05,grid,23.29,46.43
2025-06-07 02:00:00,148,10.15,solar,16.94,59.14
2025-05-13 08:00:00,198,17.01,wind,22.1,45.8
2025-05-13 08:00:00,140,11.791,grid,20.81,42.08
2025-05-15 11:00:00,10,45.886,grid,22.98,41.04
2025-05-16 22:00:00,137,20.058,grid,12.81,62.46
2025-05-31 22:00:00,90,1.674,grid,16.17,77.98
2025-05-17 13:00:00,57,25.143,grid,30.66,46.82
2025-06-10 16:00:00,137,13.014,solar,23.84,38.04
2025-05-30 15:00:00,78,19.344,grid,34.87,19.49
2025-05-15 11:00:00,25,48.147,solar,22.98,41.04
2025-05-16 22:00:00,2,2.737,grid,1.61,91.13
2025-05-23 18:00:00,32,16.574,grid,22.14,80.0
2025-05-13 08:00:00,61,16.88,grid,20.81,42.08
2025-05-31 22:00:00,39,12.351,grid,11.49,64.4
2025-05-31 22:00:00,130,12.407,grid,11.49,64.4
2025-05-30 15:00:00,17,0.514,grid,22.2,47.97
2025-05-13 08:00:00,85,42.349,grid,20.81,42.08
2025-05-13 08:00:00,3,1.192,grid,22.1,45.8
2025-05-30 15:00:00,65,16.918,grid,22.05,51.32
2025-05-16 18:00:00,185,1.699,grid,13.92,62.21
2025-06-07 02:00:00,151,9.112,wind,21.72,50.58
2025-05-17 13:00:00,116,20.281,grid,24.76,36.33
2025-06-07 02:00:00,153,71.483,wind,15.74,78.83
2025-05-15 11:00:00,84,15.978,grid,22.98,41.04
2025-05-31 22:00:00,127,2.04,grid,8.94,79.92
2025-05-13 08:00:00,160,27.151,solar,16.53,48.87
2025-06-10 16:00:00,190,0.707,wind,17.24,52.38
2025-05-16 18:00:00,57,21.502,grid,20.57,76.91
2025-05-15 11:00:00,196,18.286,grid,24.0,44.83
2025-05-30 15:00:00,69,17.433,grid,22.2,47.97
2025-05-31 22:00:00,96,13.488,grid,11.49,64.4
2025-06-10 16:00:00,19,10.854,wind,17.24,52.38
2025-05-30 15:00:00,181,19.192,grid,30.8,50.99
2025-05-23 18:00:00,98,66.109,grid,28.69,31.74
2025-06-10 16:00:00,70,16.19,wind,17.24,52.38
2025-06-10 16:00:00,150,44.642,solar,23.84,38.04
2025-05-23 18:00:00,171,50.259,grid,28.69,31.74
2025-05-13 08:00:00,52,14.567,grid,30.33,19.91
2025-05-16 18:00:00,109,1.505,grid,20.57,76.91
2025-05-17 13:00:00,48,29.848,grid,30.66,46.82
2025-05-17 13:00:00,159,16.773,grid,25.56,34.31
2025-05-30 15:00:00,86,0.655,wind,22.2,47.97
2025-05-31 22:00:00,75,16.072,solar,11.49,64.4
2025-05-16 18:00:00,26,71.844,grid,13.92,62.21
2025-05-15 11:00:00,3,0.682,grid,23.29,46.43
2025-05-31 22:00:00,134,22.182,grid,16.17,77.98
2025-06-10 16:00:00,46,50.43,wind,23.84,38.04
2025-05-17 13:00:00,119,50.371,solar,25.81,35.08
2025-05-30 15:00:00,28,20.348,grid,22.2,47.97
2025-05-23 18:00:00,96,15.71,grid,20.25,59.28
2025-05-23 18:00:00,122,14.305,wind,11.54,72.89
2025-05-23 18:00:00,39,8.726,wind,20.25,59.28
2025-05-23 18:00:00,81,1.942,grid,11.54,72.89
2025-05-31 22:00:00,144,13.642,grid,11.49,64.4
2025-05-23 18:00:00,152,22.548,grid,28.69,31.74
2025-05-16 22:00:00,35,3.198,grid,1.61,91.13
2025-06-10 16:00:00,77,22.784,solar,33.19,22.28
2025-05-16 18:00:00,134,16.193,grid,20.57,76.91
2025-05-23 18:00:00,169,8.473,grid,20.25,59.28
2025-05-13 08:00:00,14,19.674,grid,16.53,48.87
2025-05-31 22:00:00,169,11.456,grid,11.49,64.4
2025-05-15 11:00:00,88,14.182,grid,23.29,46.43
2025-05-16 22:00:00,113,19.714,grid,1.61,91.13
2025-05-30 15:00:00,140,10.35,solar,22.05,51.32
2025-05-31 22:00:00,9,39.287,grid,22.35,43.35
2025-05-16 18:00:00,149,75.156,grid,13.6,63.87
2025-05-13 08:00:00,34,12.213,grid,22.1,45.8
2025-06-07 02:00:00,124,52.876,wind,15.74,78.83
2025-05-30 15:00:00,47,0.568,grid,22.72,42.08
2025-05-15 11:00:00,13,56.164,wind,28.46,58.13
2025-06-07 02:00:00,164,1.189,wind,21.72,50.58
2025-05-17 13:00:00,105,14.242,grid,25.81,35.08
2025-05-17 13:00:00,173,17.666,solar,25.56,34.31
2025-05-23 18:00:00,110,8.602,solar,22.14,80.0
2025-05-13 08:00:00,114,28.824,grid,26.2,63.3
2025-05-17 13:00:00,130,16.754,grid,25.81,35.08
2025-05-13 08:00:00,87,56.262,grid,26.2,63.3
2025-06-10 16:00:00,146,21.581,solar,23.84,38.04
2025-05-30 15:00:00,113,18.373,grid,22.72,42.08
